INSERT INTO publisher (publisher_id, publisher_name, address) VALUES
	(1, 'Penguin Random House', 'TPHCM'),
	(2, 'Knopf Canada', 'TPHCM'),
	(3, 'Nhà Xuất Bản Trẻ', 'TPHCM'),
	(4, 'Bloomsbury Publishing', 'TPHCM'),
	(5, 'NXB Văn Học', 'TPHCM'),
	(6, 'HarperOne', 'TPHCM'),
	(7, 'J.B. Lippincott & Co', 'TPHCM'),
	(8, 'T.Egerton', 'TPHCM'),
	(9, 'Litte, Brown and Company', 'TPHCM'),
	(10, 'Secker & Warburg', 'TPHCM');
INSERT INTO Book (Book_id, Genre, Price, Title, Publish_date, Publisher_id, Conditions, Image_URL)
VALUES
    (1, 'Self-Help, Personal Development', 100000, 'Atomic Habits', '2018-10-16', 1, 'Available', 'https://cdn0.fahasa.com/media/flashmagazine/images/page_images/atomic_habits/2021_10_25_16_04_02_1-390x510.jpg'),
    (2, 'Adventure Fiction, Philosophical Fiction', 250000, 'Life of Pi', '2018-10-16', 2, 'Available', 'https://images-na.ssl-images-amazon.com/images/S/compressed.photo.goodreads.com/books/1631251689i/4214.jpg'),
    (3, 'Romance, Coming-of-Age', 75000, 'Mắt biếc', '2018-10-16', 3, 'Affordable', 'https://images-na.ssl-images-amazon.com/images/S/compressed.photo.goodreads.com/books/1691147319i/11273677.jpg'),
    (4, 'Romance, Drama', 50000, 'Ngày Xưa Có Một Chuyện Tình', '2018-10-16', 3, 'Affordable', 'https://www.nxbtre.com.vn/Images/Book/nxbtre_full_17392020_053912.jpg'),
    (5, 'Historical Fiction, Mythology', 150000, 'The Song of Achilles', '2018-10-16', 4, 'Affordable', 'https://target.scene7.com/is/image/Target/GUEST_ef088868-93cf-403d-8bf5-7391d5fdc3fb?qlt=65&fmt=pjpeg&hei=350&wid=350'),
    (6, 'Fiction, Mystery', 120000, 'The Miracles of the Namiya General Store', '2018-10-16', 3, 'Affordable', 'data:image/jpeg;base64,/9j/4AAQSkZJRgABAQAAAQABAAD/2wCEAAkGBxMTEhUUExQWFhUXFxgbGBgYGBgYGxsYHRoXGxofHR0dHSggHR0lHRoaITEhJSkrLi4uGh8zODMtNygtLisBCgoKDg0OGhAQGy4lHx8tLS0tLSstLS0tLS0tLS0tKy0tLS0tLS0tLS0tLS0tLS0tLS0tLS0tLS0tLS0tLS0tLf/AABEIARAAuQMBIgACEQEDEQH/xAAcAAABBQEBAQAAAAAAAAAAAAAEAgMFBgcBAAj/xABCEAABAwIDBQUGBAUBCQADAAABAgMRACEEEjEFBkFRYRMicYGRBzJCobHwFMHR4SMzUmJyUxUWQ4KSk6LS8SVEc//EABoBAAMBAQEBAAAAAAAAAAAAAAECAwQABQb/xAAoEQACAgICAQQBBAMAAAAAAAAAAQIRAyESMUETIlFhBCNScYEyQqH/2gAMAwEAAhEDEQA/AKONaVlFcApSDF+XO4r6g8ZiQK8mlAUtCPIca4FiAa4BS8tzB8OE+VLW2pI7wUkHmCAfXWuFtjUiCCJmIPL9fOkEUtSa8U11HKQiK5SiKKwOC7Se8EhMX9SYHRIUfKueh07AVVyaW4ghKVEQFTE8QIBpsmlHSE15RtXSb0kmgOkN00+m0/f708eJpCtKRjoFWqmFrot1kGgnIFgKR2UR4qtSULvXM011AvSBCUEeNPO3ptEV59ynEE5aezig1KmuW5GhYaLGBShFcpQH71qMTOJpYFewzuRQUACQdCJB8RxrpFvvwvXAZo3sz3YQtH4p5IUCYbSoSIFir1sK0d/DtrTlWhKk/wBKgCLdDaqmvbbeEYaakABCY8IGg50Rsbb3bKKfjiZBBGWvIywyTbm+jXjnjjUSB9oO5qID2FaCVD320CAU/wBSUjiOQ1rM1I6aa9K3ZO0CVcehNZXvxhkJxq8kZVBKiBpmM5vmJ861/iZJf4SM35EY3yiV9wCdI8PuaQ42RBgi1tRI0nwifnS1TUttzaiHUoS2gpCTaQBCYCUpEE2gSTaSdBWuVprRnjL7Ilp4oW0VXSjQW90kn1knqK6rEtKU8pabqzFsCSAbxxnlczT+0cGO3DLIKzCQNO8siToYj9KF2ngeyXkzZlCJASbSARFzOvypNM1wtoYDKOyUorHaZkhKOOW+a3PQ20jrRmK2cjtGUIVIWEBSpnvlUKsNAKjsl69lo0NyFIwKlIcWCIRMgzJ8BEaXr2Jwig0hw5YWbCb9Cehj5XodR1uR4fOmCZAE2Gg1A5xe1I7RVKw7ZeES4V5lRlTIuBJkDKCbAmdTagV4RvsnFlYDgVARIk6SfDUCOIM02o/tQ751+X3NJIdINwasMH2s4lotoCwZ7q4AUYi9wSOHeFJa2iUNutISMjipk65QRA6xFuRJ51GjWlLdPDhU6GodUoik5ppguk611s69B63+/SjZ1ClKpPa/dqQsya5NK2dRbUU6XJCRbuiNADck3Op8TTAqyYHdsLbS4XQgKEyRKR43mtrkl2eeyDYYUpQSlJUomyRqfSpfBbuOqVlcUhsTF1JJ/wClJN+hqVY2AtnMhBDq3kHs1oICQBcgkm0mLDUDrVeVsx4KKQhWdOuUyfkbUnPl0wEpv4QOwyqzBOdEjQQEkeBN7dKlPZ65KmwXAJJBiAUp/c86jtmtrcSrDPgnMJSTrY6g8wfkal9lpRhkjKlROb4oHlFTkvY4i8kpInN5ciHyEKkQCYVN+M3tVN3ruW1Rc28tfSrdtEJf74ABNusjnzFU3e1jItHezSDaTa4v0oYFVJiZXcrI/BbP7QOKKoCADAEkzMeCbXPUUjA7PU5JuEJ95QE5e6pWmp906da6vZrwQlwtLKFCUryyI5yNKaw+MWhK0JIyrBCgQDqIseBi1XbbumLS1aA0vKQpKkkpULgjUHpS8LjltupfPeMqgzBJKSkwRpGa1uFGI2ihOHW0Ud9RML7pESjWe8IAVEf1VD9mVKCQJUTAuBfhrahLd2jVhQTjcR2ri15YzKJA5DgOGgt5VIY7CMDBtFBSXlKKnDNwLwnWwAg9SelMY3ZuXEFhpXaqBCSQI74HeA6AzfzoIpN44WtfT8qCqSVM5ycZPR7aGzlNNNunRyYg+nXTWgsFhVvOIbbBKlqAAANpIEmOA1nlR20dpLcbabUe6yCEDgJMnz60HgNqOMLztEZojvJkRIOnkPSpvkls1xaYOrDqUtaEDMU5yTwhsEqI5CEkjyofD4Jx3OpAJDacyrE28geRPkeVEYTGqbWVpAlSXEqBmMriVIULHkox4Cl4TaimWnmknuuxI5KSFBJ8IUqR4VN2UVDWC2O46y48kpytzKZlRiCe6BpB16UApvjp0pxjFLSlSUqUEmAQCQCNLjjYkUlS4THCZ046VyT8nA6q4qugkkQPAD8utLxmFW0socSUqESD1Ej5UjYaG03gTFK7H+5PrTZNJoWEumDYLjiG06rUAPO1adjA0ypGHgg5QBxE6Aegmqt7OnmE4qHQO0UAGVnRK7z4FQsDV525hgXA5aUXg8CJAjpVss/1OJ50o+yyhYppTLqg2O6RdJkgHjBHu8xQzuPeWtPapUpINj8QHEZ0jNHGDR+PZWqECAVqlUyJm8X5CjMJspgFPa4spWsjKlA7sGO8SrXh1qjkkrZmjb6Ann+0dbU0pWZGXKSkpvAkKjWTN7a1N4Da7Kv4b8NrGoI7tuRoLaSMRhnkhIDjWYd4gEqGv0k8qit5dqdqtKMiJQDKgTcqGngPrQrl0Ha7Lc5t3CIaVLkmDCUXVm4QdAetZ9i8W4+srWcyj8uQHQUyhs8KShZnrqI4GbU8MajbR0p2abs/FLaxWHwaFw01hszwgd5UTflFvWszxmJ7RxxwwMy1K6XUTAjTWjMJtl5t/wDEZs7l5K+9mBEEK5iKYwD2HXis2JGRkkqKWwSJ1CQNQkm3hSQg8bb+iql6mkTeE3IddZbdQ4gLcSVBpRymJtB4+lU7FNKQtSDGZKiDBBEgwbi1aJsra7WLxZeQlxLzeHeDbZy5Ake5ki+aDJFZtlPxa8bXnlHjalxzk2+RqUVHofwePW0vtEkFYm6r6gg8ZmDajdjbRbaadUUBTkAIJkwCFTABHQzfSrP/ALksFpptb/Y4soClIUZSSqYB0g9AZsbVTNubIcwrqmXSkrEGUqkQbieMxwPSgpxnpD0F7O2ay7h3nFvZVtgkIEGUgAzFjc2kelV8ixpZHnXoiCY6SAZ8R+Ro72Pof2iw62Q28lSVJSmAdQlQCkwOsj1io9aOdtbG0eM1MDbSjixiVwVlWZeoBOXKSP6TeRGhiNKdZ2mj8aMQ4nuZ5IMqsBAMG50mKW2HRXXFCJgfYqV3h2P2DWHdSc6XmkknXKsicpjpf1oLbOL7Z5xzKEhSpgWA0Fhw0mKDdxK1JCVLUUjRJJIETEDQRJ9TSSuxkTG8IwyOwXhlkryJzEEWUkIyqiBkUTIKf7Z40BtjazmIUFOFMpEAJSEgCZNhzN6DbUAQdYItzrji5JMACTAHCfnSVQRAFL7OkV6gcW6a0PBbb7dhtSjLg7i+pH5kQazw04XBbKCDAnvHXn+1b5w5HnNWqLolbqXCSzmGg7xSRfqnlYipZKUqUFLYXIFjYxzi+tZyjGOp0cWPBav1oobcxSNHnARwKiY9aWUGyXpmiY1JLQSlCoAJiDoJUR4k/Ws1LsiTqTJ871IDfTGAFJdBEROVM+sVAP4gm+kV2NOPYzx7Dk4vIJSSlV5IPA2oZvEgVJ7q7EVinMpsIVlUrMEqUmJTmA0ANyNKld8Nz2mEqcZWoJSEn+JGVeYxlbX8RHI8KDzxUuIfR+SpOOk6T4UVtrd/E4XIp1spCgCDqBI0PJXQ1YfZnsYOvl5wS2xBiPecPuJ6xr6VsimEqQpDyUqCveBEpJOoIPD9Kz5/yeMqRfFi1Z80tuEXBIPMEg+R1qR3f2mnDPB1bIegEpClEQvUK0M/elaTt/2XNLleEV2R/oPeR5E3TWa7X2M/hiUvNFGoCiJSfBQtVIZYZENuL2W/YW2U4heGZWrM67iVO4mRAOQEtIBNsuhH+NUzeXElzFPrUO8XVyD0MD5AelATHQ9K4VSZN73vqOI8xRjjUXaHuyybd2W0xs/BkoH4h4qWpZ17MgkAjjqmoHZmylvhzs4htsuLkxYaxzNG71beVjHUrKQhKUBKEAyEgax98BUruBsx7OnEtuYfJ/EQ8h1zKQiwOYcQQZmp24x32MVE4RXZB4pPZlRQFCIzATFG7v7u4jGlxLASShKSrMoJsSR56GpXfPajAQ3gsJ3mGColfBxw+8RzA50buO0lvAY7EOL7NDobw6V6kEnvGBcxmHWxoOb438hKxvNu4/gYQ/2cuDMAghRABjWLSfpUEy2VkJAk1e98MMl7Z+FeZdDowudhxRISqM3cVlUc1xHPWo7cnBBSVKjvZgEnqYHrH1oQfLsMpcVYdsDc9opzP5lEawoJSn/IkGT4VM4HdvBGQhlKxpdeZXGYtc+FW1jYwgpUCoNJzFCQoq/yTFlKkTB/Kp1zYbbzRWzlBWEXI0Ed4QmClUSCOeopZZoJkkpy8nzxvJsJeGcMCWiTlV+R5EVDRWvb17GLKXW7qTAgqSZIXmKZB+IFJv1FZL2Rp+Ke0UhNtbLTXRrXBXQa3GM6YpKjXhTalVwUjq2TBMiJA1EyROnKmC6SByGlKvJM2Aufvj0pgLnWyU3PQfqTUpMp9Fz3d35XhsKWVMtqTdKBcTJOfMOIvrxNQe0dqLfIKjZICUNgQhCRoE36DWodT2c8osByHAffOn0mKSEIp3QJp0TG7+8DuEWFNkEAyUkAg2v4GOIrasPvClWUOpLKyAYV7twDZXnxrAcOsBQMSAQY5wZjzrX1+0TAPdx1CgIHeKcwuBI5iJjyqP5EOTT439oWEmvNFtUeXHloaDx5CkKSpGdJBJTAOYDQAH4iYA8agWMcyTODxaCNeyWq0dJgjyqW2e8ta5W2UAdcwJ+GPX6Vm9NrY6ybpmGbVwTjThQ612StQg8AZjTUUETw+enlVl9omKz7Qe/tyoHkB+ZqrzqK3xdxTYUJVekqEDh6U4mI6/l4eNIWr96I9g6vly0+7Uy7bjI1jgP34U4+IInQ9eH5UMtXCJP3wqbY6R1CCopSBJJEWvWj7v7M7BtKNSSVKMWzd2IPLhUbu1sLskBxwDOoAgH4RVqW4gIAULHjxm3rwmjGPyZc+f8A1RfdnbQzqDjcklKQW5SkTIlRJ1gcOhp3GYRhGZbJU04tS1FSFFKVLsVFYgpk84qkYJ7InurgceI/Y07jtthtKVOrQibgqzFUc8pJ9bVkn+P7tMpDNro5vZi0IbWVzBKT3lZiEIBCZJvKiowOQHOsc7dvkr0/eprfrayXnEpbcK0wSo3gqPOdSAPnVXq69qopGPl+S0CuGlTzovZOyXsSvIygqI1OgT4nQVtbSVszLYI2lS1BKRmUogAcSTYCtR2T7OMOlP8AHzLWdYVASeQjWOZpe6W4icMsPOrDjqfdAHcQed7k9bVRd7t68YnFOJ7RSQhRygaRwt93msWTI8jqDKpUC73bvPM4hSEMqLRUOyKApYMmBJj35sZ04WvUHjWi2S0RBSohciCVix9NB5863H2ebYXicIHF++CUnxHjx0PSRyrNvak2kY5eUDvIQokDVRBB+goY8jlLix0kU4C/KnppiCAa1rdrdLBBpDobVi1lMkkw3PEAaGDPOYqspqC2CSszJInwp8gCtQ392HOFUtKEJLcKSECAECZFtSZknoKyx50QJsY+VUx5FKNmWcXdCHFjhrRGE21iGiOyecQZ+FSvpf0qKcepCcUUkKBuND8qEpWVjjoPdWtxSluGVLBXmJHevc9TPCm1JaCrqVlzCTl+Dj1mam9xd2hi1y6rK0nWCAo9EzoOaqvT2zcHh1oaODYUlw91a87xPMnTTlU3OtBclEx9rEJ72YEnKQmOCpsT0ivOoR3iFmwGUFPvc/C9apiHdnjOF7Pw8JJEhtwAwYsaQd29lPtIWWlsdoSEKaezXB4pWPOlcpeUFZoGWs4bRS/dOh10/IE0ZsRDaMSnMMwBMcRmqzbzbhuYJo4ll4PMoIkFBQtIJsVC6SATqPSqU9irpUAARF+ZHHxoxmmh2m06fZsOwMQyl0F4d0ggkiY8uXCojbmKS6+pLF0TY6BIHHp0FCYDbeFdSjO4gLMZ0qzIIVxvpRO08Vh8KgrQUEKFkpXmK1cBPAU9rlZiUJVxaBNqbYbwrYSBKjdI5/3q6TMDjVK2ltJzEKlaiSdZ6fLShdpY1briluGVHXkOQHIDSmm78fWhyN2PEor7PKsJ503NKrmQ8qVlCyIuYGpIHmTFbjsfAM4PD5QQlKU5nFm0mO8pR8qwhZIunUGfPWt32BtJGKw6XBBzCFpPOIUCKH5V0vghBJDOxd6cNip7FwEyQAbE+A1M8taVj92MLiFZ3mgojjp4zVR3h9nig522z1BtUiWyogC+qTwj+n0NaFs5tSG0JWvOoJAUr+ogXNZXUVcWPV9la3r2wzs7DobbQEg2Q2iwPE+AnU6max3aO0nMQ6p1095XKwAGgHhVx9rmJCsS2kfA3fxJqghVxWvDGop+TkvIvKTWt+yDauZpzDKN0HOif6Vaj/q+orJVLA6VN7lbaGFxzLhPdJyL/wAVW+Rg+VHNFODD5N6xzAUnKbggg+BFfNu3sKtnEOMr1QtSfLgfNMHzr6PxGMRIOZMQc0Gw5X05+tYp7Tcbh3cUV4dSVnIA4U3EgwL8TeLTwrN+O2tAdXZSlKHA+teJzqAHEgAR5UjFESCCSI4iPnxrmFdCXEK1AWk+QI51ovY3HRbNgbfRh3lXIRlKJASTYg8eBINazuvs5rEIRiVlSyoKKA4ZASeMaGR5XrARhVqeDUd5SwnXmbfI19JbNhtpAREIStOWYugCPkJqWaWtEvTinZJoDcAQngOl9L6Gobb26aXMjrJyLaKlZDBSqRf6UU3vHh5U2AoKy5hbURP2CKk2sUkpgRYC3GDzFZf1IOx/05qjMt7tvJOAeaK2yXAEhKVhRjMCSQLiIrGHDRu1HSHnUzotY9FGgrXmen71tpLoOODitsRNOlNNgClJooodgG56UtIrqbchPE0tKeVMdY0pNIymn3kEcKbyHnQaBZYIqX3e265hFZkSUn3k86jDhnQf5a4i1jFNqbUNQfMGtLpqjLRquE9oDRSZRMC+UgHzBqOx3tFBENoKE8SSCo9BwHjrWaPuGSYM3Nhpx0GgpvFsuNAKWhSQr3SRqRqOh0tUPSxp9DqMn5Htr7VLzi3FGVq1HIAQAPACo1DmlJS9lChbvc4kG8X4eFMobJ0BP+ImubLpJKgn8URMHUQeo1plZJOvn1/+0XhtiYlcZGHVAmAch15Xos7uYnP2akgKyzBWmwiwJ0k8BQuwNpAWJ2s+4Albq1AcCq0eAtQkelSmy8KCV5kZilJITpcG8+FI/A3kj9KZR+BXJIjF9a4GYJnxqXXsshOYAxzoDJfw4UrhQI5FLon90nw7i8P2kBTZnPzQkE97qOda83t1kAqSUkGMwCgDKbJUk8FcORFYNs/FLZcDiNROvpU2d7hlhbCFHnp59KDhGS9xHKsl+w2FrHYZSwrKrOLhfZJJzc5Byz15VM4E51BQASm2sFSyNCojgOCRWGYPexhP/BUm3BQP/wBqawm+7YhSVPJAIKhIIieROvlSTwRfTJxeWL3Eom225xLyRr2rnyUqo9dF47Edq64qPfdUqBr3lEwD50O8gyQREH6GKY3o4GpBMiBFibnhauhQpQTaprdnZCXXCpf8tAlRPypkgSkoq2Rv4JWUKIInTw5+FDlR625Xq+7Ww6lqSjs8zrkBDIPuj4U+neUeE1O4b2ShTYL2JUHSNGkjs0nlcSrxtNTyyjEljk5bZj4UedKz/wBw9KkN5tiOYPEKYdIKhBChMKSdCKi4qd/Zei1DebFC2a0R7vDT0iujenEGBKTylPOrsjc/EZQqLZQbQTBHIfQVGbV3ceCmoBs5plUOB4FIrRa8Mxr+Cujed4EmG54nLrXX96nlk5ghU/1CfDz61bU7AXxSOFihfzlGtcOwDChlQSP7SJN9O7Xa+QX9FRw28ikzCGr6nJPTnR7W+uIFkZBrokC58PCrK1u6f6G/Qf8ArRR3VhCjkbkpMAATMHS2tc2vLR1/RVhv3jD8YFoiPTjTTO0nHDdLYgfCnlccdKhHMM+yqFoKTMXg6a6TRmC2iW3EudmLScoBSNIoxpAkhezWglztFmySJ5kqmPnNWFeOb7UtKTmgmVWIESTAppG+TgAHYpKTNlArB04kGlL32c/0EX97uC//AI870/L6EkuXYJtjE9ohPZe4JCxpB4SOFV1/ZhPekD61alb4rBth0CR/QBIMcMv3NcO+TqiIYAgGwSLjUz3b6TXOd+AwuHRURstXALPgkn8qfY3eeMFLa51Ep18iLirYd/MTIV2cEaQmJsRfu8iflTSt+cRBlBtxgaWt7ulJ/Q/qSITB7mvFJPZqIjumRzGvSKfXuU6EZiGxMAd65NyAOZqQXvO++2sOKUEpGaxy3kAjuxJM/WhV7XfdglRSkADNm90eJlQPheikD1JWVfH4JTa4UkpJ50y6yJhNxwOlH7Ux8qISSQCbquSZmT1JvQKZkGb8+tc0jVFurZ0M89aKG0C0opSYEAEczYmaR2XCb/PzoXarRS6qbTBHgQCKWb4oLSlpms+y1X4jEYh5ZlTSENpJ4ZpUo+cR5CtHCXM6pKclsgAOafizHQ8IAFfPW5u9q8A8XEpzpWAlxuYmNCDwI/OrTvD7XVutlGHaLRVYuKIUoDjlGk9TNY8iblYVGloB9qWHVisY662JQ0lLOYEXUmVL9CqPKqH+DVyPpWl7F2kwvChJQEtNd90m6lqmUpPE5jck0J/vkx/pN/8AbH6VpjjVEPVleg5OMcGXLiHgDYfxVcAPS0xSsVjn+zSUvvFc90qckAzAm1rWqMDqZbSRpERbh+8U5iXe4ki0ETwi4NV4L4EtljOzttDR0f8AdNvVPWkKb2wgElyw1PaG3/her22pNv5M+JoDajiOycA7Kcp0VrccONY1kfwizj9lfbwu24/mDj/xOX/JS229sJSVOOAJElRLmg427P8AOrUl5FhLIPVRoTba2xhnY7Iwg6Ln5V3PdUha12Zcl8do4VKBUVkk6SecVLus52XCFD3FwJ4hJP3NG7K3Kw2IAdcQqVjMSFqA5aVJ43cDBIacUG1yEKIPaq1AJrQ80VolwvaANl7GWplHeA/ho4TwotrYC5EuCP8AFXpUDsncZTjbbgfWkLSlVm5ABHOPnRj+4qkCTiXCkH/TA484oep9h4L4JRWw1FV1xHQ6UPtXYS+zUUr+EiII1BT+evSkvbg5P/2Xra/wwfyqNxm7iGgCpxxYJSIUjKLkXsOU610Z30/+CuCXgl/92lqP81II0mdOV6jtubsqSw5LzZ00V1H3FMN7NR+IWgpBSEWm0aQQPA1GY9hvMuEJGsW0/OY41RKfyT9nwRQaCUnP3Ui6otJ4CPy51B7U2jn7oskaXj5VJbxqJIAsAJj+4kyZqtOgft600nRpxY12OAzx0tRCDQaLnS9PNPQbGCKRM0Mkm0cTx1460PtFrMBHvJt4p4eYpSX7fd6aecMwB1p5U1RNJ2RhPA2rzSCdBNHuqUbE24SAfqJrjjJFiZ0kfOs/pMrY0JHdnXWNP3pWU0tLXGiey6fWqxVIm2i6nYWLJQoYd2ISfdGncI48hS8fsrELUgBhxJUqBIgTNpvYQPlVpZ3/AFpSkZGrJSB3lf0jpragMdvyXC2Slsdm4ldlKuUzbTS9IpZX2ibUfkmE4rbHFts+Q09dKbxTu11pUkspKSINot0vQ59o1/5TQ/51/wDrSnPaEpJ9xs2m63NOJPd8Knwn+1HXH5Z5WK2ySf4Kf+mkYx7aq2lJcYT2ZBzwkzli5FOM+0VSiIaaJOnfcJPh3fGvY3f1S21J7NoJUCmczlswP9sE9Oldxn+1AuPyWPdCDg2TESgWtOpFH7cQPw795PZLi/Q1iow6u0UoPKRxyd+BbqNONeSlxUQ8sye7Ga/ha/lXeg3K7O9RJUaNu7iwhhlJUgZUI1djQcqP2ntBAaWcyDa0Oz8Q6VkC9lJIKyu2aCoAnvHhpY0/hdiAyO0ukSRBEDnBGmtO8Ke7F9SjYHduNk/zGYvbtP2qvb0YpKg2ErQolYPcXmgAE8qz9exkZgAqZEiBr4d2SKTh8ClCgtDuVSVWMcf+mKMcKi7QJTtFoLo/FOf4TOswU/cVXdoYsSo6yT9dPL86RiMQ4hZX+IhZ17iZ9MoigCjUl3NqYKY16xarLRNRQRvM2Asg/wBI063qp4hHLhpVr2kpvEHOg5TlEpUfi0kc/CoLHbMdAnKSBxFx8q6W0acTSQA6Ug905hAMwU3IGYR0JInjE0haTYxzr2SKWhI6zUy5xtBMU8nWOHWpPAbLUoDum9xfn1ohex1QTFUUGTeSJFxpSyonWuugpMGelONRIlMgai4nzFE4aDYr2Q/Zp3LTOTwrqFsnkYtgASsggcjeOdqWjGsAznvaYCo+luNQ/wCGMxmFN4XDlRIBiKW2TJxzF4eYB00sRF7SeVNnaDR4XvMgx/8AfCo9zAEfED9zSHMKRqRR2dRJt49pOo5SCTPWCNK6doMwbSZtrEVClo86663AGmtC2LRLoxbJFzB6ZrDjBFKXiGRooHwCrTUQliwIPClnDmBBia7Z1EojEskQTr/lH3rXjjGZkqvpHeMgdevKonsTBGYelNFvrXWzqLLh9oYYzKrWiQr8vu1eXicNlPfFzrkX9J+dVpvWNK4sad6usXgTbuJw1oVIOtlz6/Om+2w99JGllxfpUOhu2tKS3PGutncUSQcw8xMC8mFa/pROwMQ32s5jlBlYvdMRr56VBLTwmi8OtTaSlEd4EHiTzj741ytsZRI/aDac68umdUdBJinNlYfMsdK6tEQOZieQnjRGz1hLnOLTwNMls0N+00rdvZ2fKmBJ8gBU3tbYQS3mUARMSAdeH0qvbB2qUkKTqBpwqY2pt4uNgKASNYHE/pUpqfPXRmXGt9ma70YXKrwqCaWanN5cVnOszaoFNpqrLY/8QzNz5UNf7ilTTVc2GiwJQgwe3Gg+Hw6VxrCNoMoeueGUnw4eNKOEYicy5jmNcs+k/Kg8IznWoTYJmKUQmkMoy/zgRp7p15aUPjMCg37aSL+6enSmNloS6BqkC2s8dakMVscZkAKJKiRqbWJ4a6V1hohzhUCB2o9D+lLOHb/1JAmbHX0q2N+zPEOJSpK24UAoS4sSCAR8PWmNo+zV9lIW4tsAqQiy1nvKISn4eZF6T1odWdwZXW8O3p20WtY/pXVsNkWft1B1t0q1I9lWJv8AxGwf81fWKHPs1fS52faIzlBWO8qCAQDeNZIrvWg/IHBlcThG/wDWNhcZTbxpDmEbP/G8O6dfSriPZxiBlnsJ6KWZ11tVR25gTh8QtlYTmRE5CcplIPEciKZTi+mc00MHANXPaGR/adfSmnMG3/qk2t3TpXnH0pUU5Lg6zQzuJ/tEeNFtACE4dsAfxTrplPyohGGai7ihGoyn7NAYJvPMATbUgc+JtRCcIsGCpux1DiD6Xrk0LJDhwTXBxV4+GKLSw24ytQN24vcEzNo40wW1pQokpAULwpJP1p7aENtoQmwAMmNZ1j0ooRJ2QzqjwkeFeQiSBMfete8D+lLBgAkETcHmBrFMa7DdnYxxEgG3XjT2J2q4sQSaEa6V5KSTA1JtTEaTYE85mmdabSKcxBIMcQb/AJ0wTU2yy6HVKtFM0pCTXsnSgAt6W0d3Q5kyI5xpQeCTDqoHwflyqZwrRCAcoMAQYGkfvNObqYxGHxnauLhKUd5WUmJBEQAaDbSbESJb2W7GZdwyy80CQ5YqkQI8RUjtrANtO4bIWyStc9mQQAEgC1zFz6VMObUax+GfThV9urs1JIyqR3jpGcAVUtk7vu4d9pTrQblWWRlOYwTeFHpyrLFtu2/6K6SSL2xtQMYfD5gpWZLaBlSVSSQnhx4gV7e94fhEKgwX2PeBBs4DodNKI2WwFsMzcoJIvEKSpaaE3/BOFSJiXmgT0JNZ1XJfyVa9pOPPnOEgA8Sbj0tB9ahNpPZdo4cDT8O/NuRSdPLSphDCSoKvmgSQoibcRMGq/tlJ/wBp4JU2CHRr/VA010JM0IrYJdB+G2yla8qW3CM+ScuW8TMGDEEHTjWO+0If/k8T/kjT/wDmit2ShOYkASdTbWI+grC/aKR/tPEQfiR4e4itH4z9/wDRLL0VbaH81Y6/pQyxei9o/wA1fjQiq0sl5D9lYfMlweH5miv9nmUzEU9uVhC8pxGk5b+tWwbpJn3lmNPG1NGSrZ1FGwbHdWf7T5wdaO2yj3eqAbVObW3fSwyVpJi4M9fzqO2qiWmjf+WKpCn0JdMrLzcZbi4sAZ4xfkelTuOwAQ0i5JbtfTvRPzqIUm9gJHS1Te0cUSymw70TRSHm3ao4cJGGJGvv+g09KH2I2VOZiTCBIH9x51IYXESyBySUx4C9RmysRlVl4LSPUURFdMY25gglzMnRckzwV+lAIMAxxEHwsfyqQ2s/Jy8ulBUjWy0G+OxSBTnY0hA0p/szypkK2XfDocLVoiAI6Reh9n4YlTpShK+4LGY96DpT2CQtSQns3BOXgYjmeQ0qT2U2WlqETIjX4Z/XjUW6RyJLdJCcMhZKDmWEyEpUMpHI8T16U7vFj3HOyQhGTIokEmSbDprFNIxmVUFMgg3zWt+uleWFdokkApExeeYnpFQ4+7kUT8Fa2zu5ilOLdw7iSlV8hUtOWwKjqBrJtzqYweHxP4IIeCVLzd6VSod8ZTrytRpxJBIiYifzvzpnF4glMAC5AInrP5UabC5Ebi9iYpzEOhHZtMKsFFZmyQOBnWeWteO5To734pJWJjukiON5tUk1jlCO6J1MmiMTjbDuyRFpiZv9zR9y0LSewPZ+08M2kBa2g4E96V97NyPKs22vj1KxDpBlBdWUyAe6VGPlFF7ZaBxDtrZzwJ5cvOhEYdKlSo5R4SfKqRhWxGyMxqz2ivGkNEcfPw413GA9ookQSaQG6G7OLZ7NEziYBjTX/m/atabwCjJt4xWR+z4lDy1CxCAUnkZj86ur+2cT3gHFW42HlYTSyhJ9HJoN3zwZThFqNoUm3QmKz7aSv4TXRA+YEVYdqbQfcZUhS1KREqkm+hFvG9VbFrltsa9wT6CrYouPZOTTeiGfJmpR1cpSOWtRKlAqHOakFnnVYlJrodbdhGXqfmKGbMKB5UXgkIUqFryDgYmTIt85npU5tDAYVCW0oUhakupGYKSsrsc08UpB58a6Ukid0VPEEKUTzj6Cmyi9S21cKYQUoOqphCRwRFkW4mg/wq4kpUAI4Ea0Ox06Qy2m9KzU5kpHZ/c01C8kzTcD+IyJCUIEgX6RrrrRbGHduVozG2mWY46nnNVZjfTLAA0Ak5hwgcqMTvsmDKBPCFW9I1rK4S+BrS7J4IUb9lYaXTw5XolKlkglvhpKfneqsd9U65ePFU/l4V5G+o4ARJ43PLhal9OXwMpIsDuYzmbJPC6Ry68hTPZrX8B1EGUnTzqGc35GUgIF+vrwoBvfRKZKQR/zmPvrTcJBstGITCrpIM/2xz53pzKrTszzvln62qmnfofEmTOuY6cop1ftDIiwj4gST86DhII/jd1HlurXITmJMGJ+4ptO5q4GYp8/24UhW/OeRED/ACVek4nfJR0UUxyM/XhVEp0TknZ5zdAhV1BROljXV7pHTiNYFeVvieBHjN54+sVxO96idLE31n66UakdTDdlbvlhZIkkj74Uc+lSO+U2PUx52qAVvCs845SR9KbXtpZQUkkg8CSfrR4SFJfF5lIWBEnrOtrRVa2hgHA2kgA5RFjMx+d/lXW9rqHxGPn4eFKd2uQmxtwp1GgU0VkzmB61JqFcxCwtQV8U34T5U6oUYqikpWKwzykGUm5EGQD9aLRtV0aETM+6ngQeXMCg0p407k9aakTbFO7YdVAOURNggAXVmOnWkqxS1JgmxM2t0qPeWQTRjYsKEUrDNUjiq9FKUKRHWnJH/9k='),
    (7, 'Fiction, Literature', 95000, 'My Sweet Orange Tree', '2018-10-16', 5, 'Affordable', 'https://salt.tikicdn.com/ts/product/2d/2d/2e/24e2035976303dc24daaeb803fd00fc7.jpg'),
    (8, 'Fiction, Adventure', 120000, 'The Alchemist', '2018-10-16', 6, 'Affordable', 'https://m.media-amazon.com/images/I/51Z0nLAfLmL._SX329_BO1,204,203,200_.jpg'),
    (9, 'Fiction, Classic', 140000, 'To Kill a Mockingbird', '2018-10-16', 7, 'Affordable', 'data:image/jpeg;base64,/9j/4AAQSkZJRgABAQAAAQABAAD/2wCEAAkGBxMTEhUTExMWFRUXGBkaGBcYGRsXGhgbFxoYGBgaHxofHSggGh4lHR0XITEhJSkrLi4uGB8zODMtNygtLisBCgoKDg0OGxAQGi0lICUuLS0vLS0tLS0tLS0tLS0tLS0tLS0tLSstLS0tLS0tLS0tLS4tLi8tLS0tLS4tLTUvLf/AABEIAPoAygMBIgACEQEDEQH/xAAbAAACAwEBAQAAAAAAAAAAAAAEBQIDBgEAB//EAEEQAAICAAQEBAMFBgUDAwUAAAECAxEABBIhBTFBUQYTImEycYEUI5Gh8AdCUrHB0TNicoLhFZLxJHOiFhc0Q2P/xAAaAQADAQEBAQAAAAAAAAAAAAAAAQIEAwUG/8QAMREAAQMDAwIFBAICAgMAAAAAAQACEQMhMRJBURNhBHGBkcEiobHwMtEU4SNCBVKS/9oADAMBAAIRAxEAPwD47LzxADB+WyEkxIjUtWmwCObHSv5/kCeQxyLhUrBCsZIkLBDagNpBLdeQAO522OCQlKA03iQi67HB6cJmN6Y7p/LNMp9dqukb77sosbb48vDJadtHpQkMbXYirHPfmvK+eFIRIVGXzBXYYIybWSfb9fr3wLGgvBcQAYjviwhXmcUQReKWhQ9PzxBrBrBCiq2+uLykhVgW9xy57nFfkrfw/me+DZm9sCu99MIhMFQzECD90D3xEQpXW/yxOeW+uKXmJ6/2xKF0xJ2/PEHjT+H8zi0Ny/X66/jiWs77/ngQhxGn8NfPHAF/hH4nFuvscWI5/dPz5C/pgQqRo/g/M4kIkFekYk0pxF5tt8CFLyl7D9c8Wpo7YFM2JCc/r8cAIQiFVL5Y8Qoqh+jgcTfLEzJ7YchCtWsc0D+IAfLf+WKxJ064nEee2BCMGXuqUG/bBvlVtvtj3DEJ57jken8ueJsi3/xi1KRpmHX4WK73sa3AZQfmAzD6nBGWfMmPUjtpDKgAJvUUZQFA5Ugrp8Q74CfEFlYCldgLBoMQLFUa7ihv7Y4kKk7my+YV5H81SYDZYNdO+qwNqLEA38ueF6Z+UAqHIU6rXajqq9uR+FflQxQ+YayNbkNRa2Js+++//GILWABEKyHni4czimE798EDmT7YpC1HhfKZWdljeJ3ZrOrzCoAUX8K1tdDcnnjvE5cnGzxxwMWRmW2kOm1JBNXZ36WPniHgPOwxSSSSOq0gC31s2aH+0fjjNfaGLFm5sbPzO5/M4ls6zmFyiXFPpOFBcus8pNO1Ig2J52Sa9IoHob25Xi/PcHy7ZE5qFGjZTTKWLA+oKefzBFV8sGcWzUE2Sy4WZEeJVBRrs0oU7AE3Y2NdThNxXiy/ZkysQOkHU7HbW13sOig999hy6h1O9/spGo+6Q5lBi7gGSE+ZiiPwsw1Dl6QCzUenpBxXnug9v6Ye+BZoYDNmJXQMiERoWAZiRqal5nkoH+o4KhgGF1cYbZT4l4dVs06Rfc5eLSHldjoBoF6Zj6mskaR1HTCbjLZcSactrMYHxObLnuBQoYe8H8WpKhy/EF8yNjtJVlT7gb7dGXce+E/HeGQwtcOZimQ8gCS4+dArt3JF9sc2kzDlLSZhyP8ACPAopxPLOWEUK2dJAvYsdzfID8xhDCNTUg3ZgFW+pNAWfcgXjURcRhh4S0ayIZp29SKwZlBIBsD4fQvXq2FPhBY/tcTSuiIjayXIUWm6gE7E6tO3YHDBNygE3KM8acGhyskUSO7OULOWrqaWgAOz9zyxno4SxCjdmIVfck0Ma3xjlVnnfMfbcnoOkKolZ3CqoFaUQmybP+7CzwbHF9tjMkqJHGS+qRhGGK/APUavUQa9sNrvplDXfTK5434BDk5I4o3d2KanLVW5paAArk3fpjPKMbbxpwxpZ3zBzOVEbUEuWzpUAClCkknc0L54xuZ2YgGwOVjTfvV7YKZlqqmZavbY1vhvwvFKIDO7qcw7CJFoEpGpZ5CSD6dqFdweRwk8NZGOaYCaVIoU9Uhd1QkD91bNlj7chfte28M+KlzOfVfIgRFRxE5WpERQdK6i1Da9gOpwnuMWU1HHZY3xFko4czLFHelG0i/UdgLs/O8Aq3IYM8Tf/mZjcN99IbBsEMxI3+RwBFEW5bnHRuArGE2yMpXmSeu+LGCk/wDH/OAYOXO/1ywYH9x+WOqEmmxLIZKWVtMUUkrAElY1Z20jYmlBNbjf3xDMHDTwpDnGnC5DzfP0mvKbSdO2qzYAHK7NcscSqQeZ4TKkQmdGVTI0XqBUh1VXog7i1ax8jgG8bPxtxrOvl48pxDzftMUzSDzFUXE0YVaKimpg++/xc9jWLGEEK6E74KReeBoBv9MHQDVsASSKAHMkmgBiwkh1HPHNW+3LH21vA+Qy/D84/krLmsvl38x3JcLMMuJfShOla1KRtfLHzHwN4eXN5giZimWhR5cxIDWmNAepBFk0PkG7YA5EJOMRY4+lftX8OZPJQZRctFoMhkYkszMwVU5kk9WGw2x81OLBlJczicsCKmx39v6/2wxzy7L+u2AZh0wnBAVCKOWJNj6F+ynwzlpkzmczseuDLJYWyAzAM73pIJpQNuXr69MK5BLPpVdRJ0r8K2boDoByGIVIctiQxoOJeGkiyMOaOajMkxGnLLvIqnUdTHVYFAfu/vAYQ1W/UYEKsnHUGOOQe+PI+BJTZfbEQOhF/r8sTLY33jbwrl8hw/JHSTm8wNcjMzUqhQWVUBCj1Oi2QTscCF88ePqOWPJHfMbYIy0BkkRLA1sq2dgNRAsk8gLsnDTxZwmHKTCGHNJmxoBaWOgoclgUFMwNAKbvrgTSbTW1DFmWNEWTQ3oYgrdh+f8A4xNQT0s7UBdk9hhpK55Ad+W/ID9X0wwFfr/xjVftA8OZXh8OUhVLzbIJMw+tiAK00ELaVDPqo1f3fvjKjFApQk0uD/DvERDNbtKsbq0cphOmQI/Mqe4IVq66a64AlwdwHgM+ckMWXQPIEL6SwUsFIBA1EAnfl88cymnHi2XJ+RDHl85PnHV3YvKjoI42VR5YD73qAO22x5XvllwXxPhOYy7aZ4ZYTdetGSyOxIpvmLwFgCauh542f7M8ij5vzpf8HKoZ5D0+73QfPVR/2HGLhajja5HjOXh4ZJl4mLZnMMpnOkqEjT4IwxA1G9zVj1tudraS3PgnPvNwnjE0vxSPmXN9NWXQ18gKHyGMfxtTkuFw5Jdsznqmn6MsV1BGeos7kezjrg3wX41yeT4fmMvOkkrTyPcaKKKNGkZtyQADpYbWd+WMl4g8QPnM42bcaSzKQgOoIqUFUHbkBfIWSTW+CE19I/b5CzS5CNAWYiZVUcyzNAqgDuSAPrjMZXheV4fn4ctnI/tbkxicBiscLS1pAA3lKhgSWobihe+NJ428c5CTiPDsxFKZUy0knmgRuKD6KYalGqqJ2vkKwh8Z8U4d/wBRGfhnOat0kMARkUPGqhdUrfu2qkqFJ5jbnhhJF+MPA5fiZymUAVTGJW1E6IU3DEnc0CNhufUBjMpxLIRRNGmS8+UihmJ5GA60wgWgB2UsT3J5Y23gjxpBJPnjn5lifNRqBJyVQFdSgO+mgy1Z3o73zw7cKyS5hInzySRlhrljRwixjdiSRZZlBUKgYWwttqLSX0Dh3AZ08Opl4U+9zr+ZI5OlI4mpzJIx2VPJRAf9ewJx8949lcnqiyuR1zy6lR8yxISWRjpCxx8gmoj1GyaFWNzvcx+1pE4mPLJbh3lrEV0ke5lCEBtr06a3VeV1hZwfL8Jy/F1zKZ6L7KgaVEKyKUc7Km6aSFLFhvqGkAjazKpCeNvCvD8pncnkk831hftEivbkyuqJQb0rydjS9RifinwDlMtxKDLee6xTtEoQEPOC7aCfh0ol1Rayd6BAJAX/ANS5Rs/muJZkmV1k/wDS5cA+spQid2qljVQhrmSTttuj4Rx4vxOHOZp7JzMckrdAA67gdAoH4AdsCE58aeBRHxNclk7bzFjKK7WQWB1W3YaS19r7YjlOE5DJcQGUzcT5sB0jkkDmJEdqsiNfUyqSASzi6Jru7/aNxxYOMQZ/LSwzgIjAK4bkGRlNXQZDswvn7Y0YyGR4xJ9uyJiXPJpZocwH06krSzoji99I1jUpoAgnAhY/xx4Ujj4xl8jAiLFKYSFA3Akcq4ZzbNQRjudgeXMnX+NxkM7xmHI5kzkiMRr5ZVUV3BkpjRY2ujlVbc72z3hDNeXxmbM8ZnWKeEEASkC3cFV016dCx3VbetTzwjzviWDLcSlz8cgzszNI0Z0tFDGzAqpOr1y6V9IUBRyOrbAhM+E/s0il4pnMo88gy2VVWaQadZ8xVZFJKlRQL2a/c5b7LP2d+EIeJZmYM0kWViUvYK6wGb7tSSpHwhrNfu4ZcJ8TxQcJzryZgScQz7kMovWEJ8sliBS0plYDb4lAxzwzxmDJ8FzmmaM5vNt5axqw8xY/8OyButAzOL/iXvgQgMnwLIZlWhyIzWYzbaipYpFBFHfxuxGplUEWTRY9FusN/wBlvCOHS5uKPTmJ8wh83zPSmXHlEMCF1a2W9IthuSPSuO/ssz+VjyvEI5czFl5pY9CNIwQUUcem+dMbIG/LBv7I+I5HKfbC2ZiE2hQsjsIo2HrISLzNLv6gCxIX93bqRCxn7Q+MHM8SzMlnSHMaf6IvQK9iQzf7sLAB7fr6YWpLyvntZO/z/PDCx+ji2pFKZDh14LyMEuZBzL6IIkeaSr1MsQvQvXUTXLerqjhHLg/w/LlVl/8AWRySQlSCImCurGqYWQDW+x745lNaTx34m+3RRyrOwUyHVk3OryHUEK6NVmNk6cg2odqxRbDzxNksgqo+RzMslmnimj0Om1htQGlhzG3LbvhAuAIV0WC4Bz+WB8shN0CeXLf9f8YIijYajpPLth6gE9DiJAQ74jePMa2PPFghb+E4JCA0nAVbHETi4wP/AAnHvszfwHBqHKfTfwfZSlPL5YiBi6TLyE/A2w325ViByzj9wj6fTFahyp6buCq5F+uIAbHbBP2d/wCBtuZo1iL5d/4T+GESOUxTfwUOw6Y+j/sL4Vl5865mVWeKPXEjAEFtQBeupT0121XzAr50+Xf+E/hgrhxzETrJB5iSJ6lZAQy1zO3SrvpV3scTqHKfTfwfZGeJcrmYszKucDfaNRZyx+OyfWpI3U9COmBeAZyeLNQPlyRMJFEdbFmYhQh7hr0kdQTjcf8A3QzMsQizuRy+cUcjJGVN9+RW/wDSBjMZ/jz6tWVykWS5+qEOZKOxHmMSU2v4NODUOU+m/grWft9z0MmejSIgyRxaZiN6OosiHuQCxI6ahj5eTi/yX39Lb+x/HFRy7/wn8Dg1DlHTdwVG8SDHHRC9fCT9DiUcDtQCMT7KT/TBqHKWh3C555746h/XTHWgb+Fv+046qNXwt/2n+2DUOUaHcLxwzBP6OFoha91b6A4YBT/CfwxQIS0HhK5cPvA2ay8c0rZiJJlGWmKxyD0u6gOBf7ppWojfCKUYeeCMrlXllOcRnijy8smlG0uWTQRpNiyBqNHbbElIKvxLnshKqNlMrJlXs+Yhk82MggVpZvUCDfQCjhCuH/iXLcOVY3yM876idcU6BXjFAg61GhuooHCHb9DAhNOEDZvp/XDEsAGJ6DC7hA2b6f1wRn5Bprv/AExncJfC9Wk/T4cH9ylmWXU4HPez/M4+hZHLRRIXoSSIpLUbFt+72utu+/vjI+HYFMoL8iQORN9dP1ND643EuRUWvwRH1MF2Jcn0gEb7dh2Ue2OXiHfVC8yu8NYGkkTc9xiPzbuEozCRoUFKjoC0hNb6tyoU/wCJzNV0674uMMbKApR9J1lEQi1Ox0jcqaI2vmAdsDGAKjMxKyaidclEnRYCrubN1Z9+uGMCamDIjpIRZeUX6dgdg3PsAB+BxxNlVV2kTqNpv3/MXMQZHCgqJqYnUUYqhYA3pKVpfa1OrR0F9cSEACnWrOqUoWgthSVBY2KXVZA7bm8WJGGYHQEYMdMo9XmMAQNuo67npsTzx3IStbDTTKupg3p9Q2Bdq9WqiRWwo+1OVwLzFto/rIxxPpAKvySKUX1s5iI+Aal3GnSNqatvVzHOxZxXmeDoFkAjLOwZgxIATclV1Xz/AETWC+Gy6Ik3SiatdkG+/W2JO23M9sCcbUOGLvpRLpb9Uh2J9J22o1Y9+W5N1FJ7+tAMCfweBG+3fjK6eGH7QTIyCJEFhNgTVBBvbHmSR26YYcPySxqDrZQbeVSAfu99CsasdL7+roMALlpI5D5UNiUEIriyqmtVjV6edb+2CcvnTBGkRy7kuDeqiZG5V125Dfeq23wj2W+rqewNY6bC0jYGTGxF78gcIziOZhiT7vRSHUIz6Q7NTKQKtqBsVty322SZGFVVZpUb7xzoKsqBTdggHlvdWa2/FtPJ5iThAruyEySVSqAp0xi99Q96okk9BiOY+6hRraWQFQsi1ojPZRsCKsbDetyKFSFFB3TbovqJg3M49IEne5GxldnCRi8zFC7n/DSP42vuoFHveCuCwatTmIIfh8vSgVCOx+K++30xNs2qIAzeVK9AmlaV9gLpdgSaFmwPboPlp3hZUby4lss22pyppVLsFK6yep+IivmLg4vfTIGT3MQP/UceUmcwvcSyKNIfu5JZwAaDaUAs6dzQ0jlsNzeGEbyLlzr2dQQxsRpy56qFDvXI2MK+JwhgcxBKdQJBkJIO2xQAb/JQm/O+9XBstLpekVnXdfNJaRLHo9BNLfckdeYwQrLA+iC538YsZkHcZsPSeUgzTRBQqAlh8TlrU/6RQ262R0xyXhsqxiVlpSQATsTfYc8NspwsI7PJKQYxqYpH5igg7jWwKlvaufWxizjyiRFfW0jncKGVhGm5LUi1vQBP9sC9f/Kh7WMuNyZ87YHrMDhZxeeCSMSzmTMWnUyFm3pTqodCTy3+eOFh3/LGinhdnvDgC3Cys5x2IHcrewNkdAfSbPQG6N96645Ph74DDfagUzUGVIRiXnIEbLsGjIIIbUD8J7HtjavAWe049WN1+0bg2SjqfJy5ch5WUxQTiZQtFkfTVx7CitlbqiOWMKTgCE14Glh9+QBHv7fhv9Mef1uQO1D8d8UZGbSr0NyBXtuPxwTwVbc32r8T/bHMiCXFbWu1MbTHqn/D4WjWLy4wXcsQzVQCgrtvt3JPtzwwl4zUal0IlCjSGHUrXmcthzHfcjBiQlGJQqwWogrbUCFOzD3NnbfT7YsTLgyN5jCSSrX0+lADtXY6ge529sYCQTJWGpWpPOpzZHaZ8vKCJ+yUQwyTTqJm0FQCqjY0d/TvY5WTzFfgTw+epCjeZI4JsvsqLyvc8yOvvtiUhnE8dhAzrRIFkBTbGz+XTFLkgnUUcLJYereRgR6NuTVtt/D88NNx1iLRFgPX5738pTHM5uJN3atIpQhvY0AwA5dgfn3xBD5vplai42iW/Sp5Fq6/PbAGX4llgrIE3YfeBVNDb4Rfb8MKuF8ahQOhdwGYhSigNXIMzf0B798PQdguTfDw0kAg7f6zF888hatVlUfCHCUERPQvsSSTdfh17Y7xJmAPlRfeuBrbalAA2LHY7dMdyMukKnma1qg4FnboTuLqq6mj9RYY0kWQKJlS/X6hqdqs6lbddq7WPliQVzp/y1OAgbwYN9xI3vGSc2QnDePPdNTMTzOxbfZRQpfmcHNnXGZKsgMvKPcBFQi2azuSa32300MQy+XV4URIqjkbdn+OgCde3LlQ+Y2rAMeUaBMzNG6jy7CMQDdD1AE7A7hfmKwQDhbXDw7i4gAHEeoAxjuOOyt8ScUjRESNxI+sllG6Nd3qANHejW9Vv718L4hmWcAoXaQelmFIqcmKoAAR732HXdV4d4Y8l5iQWieog0NVeogdN+Z5Dp8trZkVTrMTyAGubKgNn5GjuehIHQYHgNslUfTos0QHck7E32v3PaxQGXMYj0KEy4RtmZ1EjOpo/DYF7gmzsTtWDps1GQGWYrGGpyighi1AW+k0e5B69NsLctpEs0UUKI5FHzHNsOtAA7EEHn1wFxPNTqVyqqioVA0R/eNV9yLvmeQxMXU9HqVAJ73IwRc/9j5e9k4n+5cU3lxOdFoqgJpBO7tvvRtq2rnteAjJlKdUeRASA0o1sXO5KA3uT8twT88WZ+Xy1WMRO6hSZdT26xigLIsKp32HMIdueLc3NTIYQxZY9SoFKRorUCxWg0h/yjtyB5iGTY3vuCADGC7N8ZtF7lD5vh7yRLoeWVAF0R2qke7swG/QCiR364vzUAaAgTOUBKkekUR00xJ94fa6wSpU6neZHBTS6FiRq50Ow5Wumz9MCpmpEQrHBIPdNEcfzWwSL9xeEgVHugDYyMDObn8gX3lJ8/H5KBfudZHNVJkKt1JYfd7dt/54X4Knyks9SJExsUSX1WymibY7X25bYEkQqSpqwaO46bY0Ul6zC0CNUu3x8LKzDFWL58PvAuXzL5nRlY4ZZGjcGKYKY5E9JZSGIBOwOxB9PPbG5eQs4MdGPri/sqkzN3k5OHyd1mizOXP+3zPNjvsCwFDHyriGUaKWSJ9njd0au6MVb8xgBQrMtDaseoI/Drg7gE2lmIo1vRFjbving42b5jHoXCSNXLt8+mOZ+qWrY1oa1rzjB+62MHD2TSzS6bBZVWtQkah6QbvYkX/LFkKRAR+dXmKCp1HckEVvdUO5+eFc3HY1WJ9Qkm3JJs6AdtIHIHl+ffF65tpamk0xol+XG3q1P70QWN0b/wCcYtLt1mLaj7uPNxY7gAReDPz5kx5MuSxm9TBxz5hTsLoELt6qrmBzxVHxIRKoeNVatUaL/mu3J6DcgDnzwDxPiIEQkLAO5ry1A9Sg2S557tfseVYzs2Zklcszku302HTsB8sdGUi/OE9EnS+44G0bbeX4R2Y4kF8+luSX0ltgAposAB1JsfIYShDjS8O4KoVpJbPl191RF7CtTVsN7+WGGZ4XllRo9NMoBMlHfW6n09SKFDsD1s47dVjTAUz9UAZP9f2PdIuD8beE9dPUA1dcr9/cY0HBc/ASxcG2J3YhlIO4DatrB60MZmbJg3oa6Ne39xfvgNJGQ7Gj1H/GE6m19xlaHttD99xm359VvshnlR5ZXe0+FAW1OQOYUbaV5dB07b5jO8REzrGG0QKbUNyX3Nc6smzvzwtfOsRR2vqMOPDaZdnGp2Q7EEAE3ewNgj8iMR09AkphjA4ubwPtiBzyfhafK8QSIrGiTSR6ToAjNOxa2a63A2o8hZ9sByeJsvGQ0CklgoceoMoQ7AAirIJ3G2140OZUyKwImSvSjA0zXzIVTty5sBV9N8B5JS6IJ/L1WQIzGo1EbB92OoDnagdeeM8t3XntcwgveJ5Em+82zztBys7mPEgeQyHKoRpr1HcVdNddjyrA3C8pmXLzRaBpOokErud6HTl0PTbGmzORiZvv6J5KI1KRANVBmo0Sdtz22wun8PNGyLA7eZq8zQDcSFdx8Q3PIC62G+K1Niy3U61MNhlrbzEDz2jJ/KlmIs6VkWlKo9v6STMTR9rULp2Fbbb4pTMZxm8ytRlUKCAKUOTVC6WypNn2xXmGzcOoylhr9JYkMRe5CnUdNjnXYcsWZLL5kwoYhSqzsCCLJ06bo9ALUV1P1xB9F3awNZqPTvYHbF9+Rt+AmsubmYGowJEWGXciyBesj8NPesDSZV531yuPKNMkbPSsrDoy9Qa6XywPxjIrDGh85vNCgAA2TuSSDzVRZrA0vFAYFj0srACqA0EqdnG4KNYN6dtz9FHC506MtDqO5iYMgbkSe22L4RmYzsMUTxxOVJulDl9yKsMFNfKxywh14nms/LIAHcsBuLA/nVnFLOcdqYhbKdDpC+Tm8/eAkGZO+HvgXhmZnzQGUljhmjRpA8jaVAFIw+FgbD1RFEXhFmRyw88DZmNMyQ+XhzDvGyQpPXlecSpQtqIG4DKL6uNxzG8rx19Lf9nsmbFZn7NDL0myctox/wD6ZZgF+bRlT7Y+OcRy7xyyRv8AFG7o3X1ISp/MY0vj3w9JCIsxLlI8k0zOpgRwwJQKfMVbOhTZGmzRW/3hjJKcIITTg/wt8xiom3c/rnWLuEjZ/mD+eB4tyff++Ib/ADK2PP8AwsCecFyyhGl5uotVADG/4iCDSixj3GJ0EhZSTfU82PU96u8E5rIzRZYlR6SAz0acKPh59OtDGby5ZmoMR9ccWjUS4lNlQajoM7W9Pn8yr8tlg76pW0LzJqzQ6Ad/ntjQl49cKxxCMCjb9Q1EMe/cWcKcjAiuC9sOp5k1vX15fXF2Zz4L+ZJRs3V18gPblhPOowFXQh2o8Hfc+w98WWnzM/pZkcOm5k1bBvSAEBqhdbgDr0xlOMcfeW0AUaqBZRuQDYW75XgTP515mpQFH8I2A2A5dMG5DgjFddr1qzRY8tKjqb2wBjad3ZWWnQY0beZ/Hc+m3ZEcJ4OfL8xr+JQwA9VNVab2NkqPrfSsGcc4ev2d1RFDIyk6jZBaiQjdbGnn0vrhvloXhXSrLRIVFY6vVWojVtz9QqqGxrmMDTZJJowdklKtMf8AcdlbrVWL9vnjj1CXSo6oe4aj9ANo+fuJv/eNWEMKcaX79/6HA82VdOW47jDUYLyBiv7xHcmgqqQoJPc8x05Y69UhevU8O3TO44z/AEgMp4jlBUSvI6CgQHZbXqNj+eNlkOKROqiDTGpHroaiijYBmtSt7771WFniDgOXG6ECSxqQHUFWqY7CwAd7OM9nOFvA5WvUp5fyI6EHCinUxYrzxTFZoIx9/OMHOb+a+hZdGKaogCiqPIGth0r1KR0N8ztgI5pKhkZjJK10sjaVF7MdlAI6ClJJquWM/wAD42V+7ZdYP7hcqtn8qPUHbrjXySJp870K/pQuWUiO6BC1YsXsPffHFzS0wVnfT6TriQcEG/EG873sJPM2Dy3C29chKmWQHSjJUYTbZlIG3L32G12MWAyBUGh2K2kixqnlgbEgLa/ENNb2B03INHjJAYPSrNoHpNgIvSyW+M1tQu/nhf4ZLxQSOWWNByvVbSV00sPbufwOFp+mU26qtPqHM4I9ALdto+yY5eCObzIzEIqI0xrGscjAVbb3te2xHI49x4Q+VH5iSRhSQiKEB/HcVVH++LM4iyLqtBJsvnKz6YrNf4hNk2a0iue+2AeI8KXdQ/mMoBklkkC1YpQLskWb2vkBeJGV0pBpqNJcRBx3iDfF+9+MrNtzxIgYnIosgEH3AIB/EA48caWL2qmyzk640PgScRyTv9lTMuuXdkWRDLGrB4wXZR0Clhe25AsXjPy40f7PJ1izRneeWBIImkdoRqd1DIvlgURTFlssKAG9cxtK+fCE8Qsk8aZyNY49TtE8MZOlCiqysqsSURgx9N0ChrnQz4OPqPiDxhw/MaZ5OHQTxzFgdLGDNQsmnUHZLElghlawCNjupx82zxjMkhiDCMuxQP8AEEs6Q1WLAoHCCERk5qR67r9Luv5HFnCxcgFat19Pf1Lt9eWKMnHaObrdduhr+1n88X8MJWQEEgg3Y57Ecu2JO8LRDiGj291q+M5yIRyCbU5YLaA1T8xR6KvpHUXex3xkuGHn3rGs8TT68mNWlWJUheZq7Avvp3J+nXGJjkoMO+398cKIlhU+HcGnVER8Wt++qumzjEmjQ6DF2Q4U8rbsFoWdWomvkAT+OKMlHbjsN/w5Y2XAY3cN6yEHNVpSxPdgLA9+eKqv0CAujyemajz+/f8Ad0NluDx+lY3Dkm2oFVCDYksffYfXbbDXIGKmYoi+UxC1uRvQYk/vEja+2K8uzGo6XVE6ja9KJsBufjazy7rfMbmZjhmtnDNpV2sAcyVQAG/aia+uMjnTlZK1WfoqOgfE9oyMW+xk9bhFlF1Hy1ZmvV69ZIIN1vR1f92AE4YybGMsDIS0gPxRsBsdPq5iyK298E8O4q0rqvJlLvItbUPSE/8Ald9x74gM75MY+8Ysya42ILBg2+lhfMG9/ce+FfCKf+S06Dc8X5N5Hv5XiyG4uuWKkRCMMOfqa/8AbVq344K4XwFGWN2ADVbIxsOpFaq5qaIO3/hBncz5jFyqqSN9OwJ6mul4Y8KEqxypEAsmzMCCHKC70/X677dMUWmF6NSjUZQAa8g7yZzY34v+MZTKDh6RuQF8vyzfnMQAFcHT1ouDa0divPpg6XKOZSw8shYwEMibW5rTYI2Ff/KsAopUjMyyakZfM8s2nr0rpAUnS1Vseey8+eDcvxMMsbSoLKySjsojNCr5nSbv9CSvPrGqTqH1WgnvkxN9jO0G3fKeLeAtl9MqHUhoE7Ahvl2O/wCGE2UzcpDKpG/OwpI6bEi1+Yxr4OFS5nLxAupXVIxJskMSefffVv018jjJcRyTZeQgiiDVc/8AyD/XGmm8OGk5Wunkte8OIN4zmJhX5xs1KLkkZglbkkhb5HlQvv1wyyWWz2XdkU0xF7KHsL1Xbf3rfDnw5xIPGEOl/Tp06GJVLr1GtLKO1jtd7Y0MkSnSpEZdQdJI16dhvRo713HLHJ1Q4gLjW8QKTtBZ9N/IjYxa36O+Ym4tm5Tax15YAKBNRVmv16TZB2NdrPO8X/YczmUBdgFFakooxo0Wa1otXXl7YbQ5dwjDU+odYokjLA9PXfLvt0549HB5q6njIlRhtrUMSu6lmShfI0eXbHGUneKY0f8AG1ojcXP3gwedln+L5FUGmGIlQLeSmbl/mrSBzJ0/jzwlJGNlnVmlj9cZJs+lZFWOrNbjc7c76jpjNf8ATD1kiB7axt7c8dqbrLZ4XxALIeRI7z95WTzFXthv4H4p9nzIcZlssWVkEyqsgUsVI1oQdUdgWBvyPSiT4RyUL5xDmKaGJZJpFP7ywo0mmutkCx1F4cZDxT9vzSifhkOakYFIIo/uasg6Xbk6qoYgkbb9DtvK88KzxrMI3y0mcy+RnMiSljk3MZkRlQRyOVHxAnUp5EBhj5xjaftHBjlhhPD0yLRq2yS+cJFdrBDVVBg+w6s3LGOOAITHhd+VL2oX+IP8wMVZWQK1n9bg4t4WLjf9XtgesQLkhbDZrD2+VZn860jFm6mz3P67Yjlcrr9gMVNgjIs9gKduZB6YCNLbJMOp41I+CFU2H49cGQZp0HpahequhI5E98UFcdxmzleiWNjTFkXwvMhZF1t6NWpvcgEqT/uw6OcQhJGJLqolq+QdtJA6GlNUew74zJOON/LEFsrhW8I2q7Vj9+cH0RaZ8rK0igWdV7bHV8RrpZ3q9vesUNOSqqTsgIH1N4rAx3ThrU2m0GY/f0lHcIEJepgSOgBO57Uo1E8qArGry8JSNRMTTMFjQ6W8vV8I1tuxA6/SjjGZSUoyuvxLuLF70Ryw14RKZcwnnO7b7eoimAu9uW18q5jpiHBYvG+Hc+Xz9IEnfHAwO5z8tOIIpDQRQSNzUWWEamgFI309yP8ANXfYaXh00hjlI1r8JSM7Ki16KLKf4gRfMYfcRzboAsaMSNya2CitW53JFg7e+B+HRiKEh/W5NyFV1tqfqQLLDsQNxWIlebT8Q9lMOaL95JM5Obbf7XOE5uMyPGkDxVu9kKF5DkGoX7Yn4iyvnZZlIXUBrG9j08/VQHI+2+FvCo4EeV9Su67qGTygDvtoI+KxWw2+uGGcaZjLpS1EaLpfZSWPqKjmdu9H+WGMqalIDxAc20R/KRxz57xZY/gvEJcsxgBWMO49bLuvJTz2AA3ojocbz7KQoWH0I1aq2ZRpPqUEEAmk2rueeMLxMtJPKHFtrql33Hb9dMW8PnPJpymn1ICWKMQ10QLrqeWOjxN1ureC6jQ9pA9Jnjzjb9nWxurF/s1Kx+N/Jc6iLGxJVbBvmdsEwyKyuyABtVMV07kDmbNcj3+p2OJxReYBIjnRJpahtRA59+YWxyNHvimPJ0g1mHQdyoXSpY7j4iRX0HfHAryXFptN7Zue4NhOMYVbzRBTboyk7UFYAnbko78zjPTA6m9MfM//AKR3/wDcwHxZwHKCKNBd+kiQnn+/f5CsKWUY6sYvWpeA0jVqz2HxZL8rmPKkDVqXcMt1qR1KOt9NSFlsd8fQ/C8+VhDjhEeYzeckS280LGYYQyeainYGQ2Ba33HKj8zn5/TDnwZl8w+ZCZcTElT5ggdY5TECuvQWNFh6SBzNfM49ErGEb4xiycOXigghzkUiyM7HOIEanUBkAAA9JROnNuu9ZCsfWfEvjPM5FIII8zPmD94ZVz2V0Wp0CNakUOxFPbBjernyA+WZufXI76VTUzNpQUq6iTpUXso5Ab0AMAQmXBEsH5j+2ApRRI6A/jvgjhshCPRq6/mNvf8A4OBnGIA+olbCZptCgiEnYE/TDDKZOt2+L58vwxdkotKDud/xwQRji+oTYLXR8MAA45UbxPHAMcJxzWmFw44MSvHsCcLxxysSAxLAqClEQCCRYHMXVjtfTG1nm8uJZEKqq6R5aANbMV1AHa2qwPreMTi982xRI/3ULEVfNjZJ/kMQ4SsvifCdYtM2Bv5ftvVbx0e9bmgu9DkF0nUp/iPW6/dA23xneMcSCupjJj2Gh0OqNo2NE6OhBB2HVfkcBZnjkjRouo+YGdmYgb6hpG3Lkziq6DClRiIWbwn/AI0tOqpHEDG/v684W5yfD4o41lVTqFN5kg1Ob57XsWB2Hcjrg8OAxAc36jRBYByNW7cvSuwXtXthDwSRHjHmvpWGmCgnmpB8xz1JJoL7GvYydJpYbgCrGwc6G/xG1E2dVkeoFvy332F51Wi7qEVHbxJxfAkz7Y7jdd4ayxhkIlRgz0qsRfqb1nfkDVHn/I13/p8cuWGkASR6lWRR6ZRHe5rlai96N9xg6YymNwoZnkAmAojQ0bIHiv6UOuxvA/Ec/wCSWaKgsjiSLSLW1+7lvpTDfb+LBK1h1SpU1NMOJGDa3xc//LjwqfCk2stEx3CExGvUu5LUfmQa9sNuGzRmKONgSkqMw1UQvIvGSexJr5e2MbBMUcOvpZTYI6frlitpDVE7E3XS+9crwQttf/x3VeXaoBg+Rv8A6PvytPx/O6VVfLjZaorIQZNjVjSdwdja/ljIyPuem/KuWLaGIMN8dWCArpeGFFukfv3KSTC98GeHZcss15rzxHpOl8uwWSN7BDi9iAA1j39sCzHpjS/s2ndM05jzMGVYwSL505XSupo606hRbVp2PTVjeV4qL8TZ8xHJ5mPOHiMH34jXNxE6dlSRH1G5AbHXbSO4vCsB9MfSvGnhjiMmXjnZUmqSQuMoA8ZtY6nCoLBaiGoD4AaFkn5o2xI32Ne+JCEy4evof6fzxQ2Lcl/hv8x/MYrYjCGStf8A1b5fJTOA+kH2GJkYoyB9A9r/AJ4vbGV2SvUYZaConHtWPEYpBNmxXKvz/wCPxwk5urgcdvbFMrkHlt/X+3P9HHg+9Dv/AE6fWh+OCEtQVwOJ3gcPz22F/X5Y8HIWzz+R/wDNYFQcERqx3Fe3PEFZqO29bfh/fCyukgIg46uKVfr+GO6sSTCsXCtDcxZo1Ys0a5X8t8H5PjEiMhv0qEUj/Kjaq+fPCqzia4UypfSa8Q4SttwviDSJJ5e7ESOb2os9Rr2B0A/lhJ4ozeuXSANCfDW16wrE/j/PFHCeJeUsw6vGQP8AVdD8ix+mF5O2CACsHh/BCn4hz4tt659sBexy8cvHsKV6kKYGJeXiAxPX+t8dW4WaoLrPyj9e2KaxbKP5YqBxuXzqI4ZxKfLvry8rxN3Rit/MDZh7G8U5/NPNK8sjankYs7UBbNuTQAAs77DHH7YrbAhG5L/Df5r/ADGKe4xdlF9DD3X+YxXWIGStR/i3y+SjuGcmHyOCwML+HN6j7j+2GOOFQfUt/h3TTC5e2KXONX4U4FFPBm5p2CLEgWNmYonmyWFLFQWIB07f5sc4/wADhy2Ry7llkzE7swdGcp5SitgQLslNyL51iC0xKvqjVpWUkxzH0WLwAq5OaWVZftC5cygfDGh9RCcrZwo3F0NX1wD4J8LpmIJZ3hM7CWOKKPWYwxNNKSwIOyG+fQ88HTMoHiGQTwsWuJY08/BcvNxT7LlSwgaUICb1AKB51at9qkq+3bBvifgmTijKQ6hmftBjjjMgkMkY2EjKB93qPIbXttvstBhV1myBz+3WMOOFb58sbjxb4eyuS1RKBI6qLdsygbW3QZdE1ULBske99SPC/g1JcpHO0MkzyzaQiyCNViU08hNXsQ35bYegzCP8lmnUcfvdYHHtGHHHsrAmZlTLMzwq1IzczQGroLAbUAa3AHzJng/gQzeajhYkIbLkVYVQSeYIG9Dl1xIpkldjVAbqPms7px3Th1LkEbMGKEHS0uiOzZpm0pZ69MaPxZ4cy+SDJ5bSbCpWzESksRuBAF1kAn/nFdJSfENBA5WC048O2Nzw3wlE2RGck8xizMFRZYYAFWxrLygjmDy7jY4xk6rqOnYXsCwc/wDcAA3zAAOJcwhXTrNeSBsqiMeC4kBjxGI0rtK5pxOh+jiBx7Ti2hcH3SuKeFR61YtqvYAihGwXfUD8ZBI7IKxfJxOA2BllAOutgSAB91yqzq+I9R/Ed8Ksyu+K8boXzUJxJn8oTfkMnq3qm9OoAgAtsSijfemZ65iq5eKQaHAgTWQoQlFpaChjzPP7w1uBSc9zhQ+2PDcYNKIR+Sf0N81xUzUTiMDUte4P4Yk4wgFp1WA7K3IyU49/7HDYthHC1EH3GHRxxq2K2+FP0kImTisvkfZg1Ra/MKgAW9VqLVbUNgCa2HYYIzXiOd5YZm8u4FVYlCDQgT4fSbBINHfsO2E5x1RjjJWnSE44d4jzEM0k6sGklVlkLjUHDkFrHLmB8uXLbHofEOYWKCJH8tYHLxlBR1n94n947kb7USOWFjYrLYZJCQa07LTr4qzHn/aQY1m0sNawxg+sAMxpfU1CrN1vVWcK8hmTDIkqUWjYMuoahqG4JHXff5jAiPjuo4ZcrbTEWTfjPiCTMszSRwKzG3aOJVZqqrY23QciMWTeJp2+zUyx/ZV0w+WCunlZNk6iaF9DvtucI8TVMLUVXSYNk44v4glzBJdYgWNsUiRCx5WzAamPzNYt4B4mkyZdokjYuukl1LenmQKI2O1/IYSE1itmxWsi6Om2NMWT+PxZKsySrFl18ttSxrEEj1UVDELTMRe1k1gXjnHnzLMzRQIzHUzRx6WY9yxJb8xhTjl4kuKoUmgyAtLnPGk0kUcRgyoWIaYj5OsxigNi7ML2G5HTGeaQsSTuSbJ7k88VnHVGJLiVTWNbgK6MnHjfXFd1jowSmQun2x1Sff8AHEzuMQr3xYXF0lZzMAk4gFwU3XFiINN0OXbG6F86gCNuWIIMFQfFi/QL5DmcJNDZZDuavbqL7k8/kd8SYbYP0j1bDAQ/X44ZCtqpo3h05wvUb/X+mG8g3/D+mOFZtlt8I65VCRE4tEGGGQG+L1Ub7YhtIFanVClJgJxMZPDRx/PFmYUXyxXTCWtKVhN46YD2wbEP54vj6YXTBVCqQlJhPbHlXDXNDAxGEWQrFSQhDeIFPbB6jEwNvridKoPS0Icc0HthkFHbF5UdsHTVdRKBEcWCKsMq/X4YhWDphGspe8XYYiI/bDwoKGw5f1OCIoloekfh74oUZUOrQMLOIN8T04YZqMBuQ69MAXhFkWRrm6//2Q=='),
    (10, 'Fiction, Romance', 110000, 'Pride and Prejudice', '2018-10-16', 8, 'Affordable', 'data:image/jpeg;base64,/9j/4AAQSkZJRgABAQAAAQABAAD/2wCEAAkGBxISEhUSEhIVFhUVFRUVFRUVFRUWFRcVFxgWFxcVFRcYHiggGBolGxUVIjEhJSkrLi4uGB8zODMtNygtLisBCgoKDg0OFxAQGi0dHR8tLS0tLS0tLS0tLS0tLS0tLS0tLS0tLSstLSstLS0tLS0tLS0tLS0tKy0tLS0tLS0tLf/AABEIARYAtQMBIgACEQEDEQH/xAAcAAABBQEBAQAAAAAAAAAAAAAAAQIDBAUGBwj/xABHEAABBAAEAwUEBgcGBAcBAAABAAIDEQQSITEFQVETImFxgQYykaEUI0KxwdEzUmJykuHwBxVTgsLxQ4OisiQlNFR0k9IW/8QAGAEBAQEBAQAAAAAAAAAAAAAAAAECAwT/xAAhEQEAAwACAgMAAwAAAAAAAAAAAQIREiEDEzFBUSJhYv/aAAwDAQACEQMRAD8A9TZsPJPCRmw8k5eZ1AShACpB81Hu68ttu0I9O5R9fRE1eCMyrM7Sxe1G9BYIJ08QQRXl4psTpe7mA1Dc3Ig13qFEEX4j1Q1cBSAqnG+bK3MNSW5qA0GV1145q/mpHOk7MHKO0y2R9nMBdep09UNWLSgqtnfm2OU+AsEC6PUH7xztLg3SEd8V3WdLzEHONOQ0r1VNWQEoVFr5sl5e/wB01Qo6HML5H8a8alzSZj+qMtWBZsGxpsby/PdNTVqk5US+ah3dRYcNNdaDm66cjR5WN0r3zd6h/iZdtg0ZK83WPJNNXU4Kg581Chr370FXlGTntm/HzU2IdIMmUb3nrWu7yvx/rmmmrKCqZfNZ00t1XXu9mC0jxz2PJOjMltvbJZ0Gj+73f+5XTVpCpRvmyi2jNlj00rMT9ZfShtXzU0DpMxzDu6lp0G52I6jXwII5ppqwhIlQKhIhBSZsPJPCjYdApAstFQkSqgtLaSkIIRjI/wDEZ095u/xUrJAbog1oaINHmFy8fDoPpRwvdyjBRtA7uYZZnkOr9bNTr6p+GxpjxEtOZlkx7YiOfew0bib5G2j5+lxHTApS78vU7BY/COISylrnNAY4TZgSMzHskDGtDRqRWbMTsQK30re1Lu1Y+GJzTNE0YkN7QNLZI3B0BcLvKXsd/CmDowlXOnjvauwzoZGCPEYaefUAuGQQubWun6Ugg9FBiPaCXshK10YB4ccYWkA98Na4NBv3TZB5pg6lKsLFcXka55a2wyXCMazcyNncwOkB30D3VWn1Tr8K7eJuhjnc6W3fS+zaHNBNOliia0AVRIe0AnS6J0tXB0wTlyo4o+VsJ7QMy46aF5AaQWRnENYXctezbtQJV1nFZnPflYC1k0kZaSA4sbB2jHMHvF7nFumgynqExNbYeLIsWNxYseYT1znCMV2mKje57HOfgWPIaAKLpASB+z059V0agEIQgEIQgEqRKgoM2HknhNZsPJPCy0UIQEqoRInJEDRGLuhfWhfxR2A/VH8I36pxC884WAOOYyMh7o2wsc2MF7mNc5sBJDLobu+JViNR6E2MAk0ATua1PS+qUwDfKL/dFrkfZfh2Mbi8U+TM3BvvsYJXiRwNjvAW7s26O7t/aGmiwvZKcMxXFjIyWaOGXutDjJ2bA+ew1r3ihTR7v6qYa9LELf1W/wAITuxb+oP4QuR9gcNK5k8rsQ2bDTSE4aMSOnEbA59tMjhZ3aMuoGXdZ39mgzYvieZzndliiyIPe94Y3tJxlYHE0Ka0egVwehdiNDlFjQaagdB0TXRNN20a+9YGvn19V58IQfaEwku7L6H2nZZ39nnoDNkvLfp89VP/AHnLh+OswbHOOHxEAeY3EuEcgbMc7LstB7Id0aanRMR3nYCqyiibIyiiRWvnoPgndmLzULqrrWul9PBec+0Ay8ewjGh5Y+B73xNeQ17g3EkEsLgwnutOvQLoPZ3Ddq+LGkOge6OaJ+GLnZe7L3TkJrtGhpBIGtpg6ZsYGoaAddaF67pyAgqAQhKgRLaEIBCRKgoM2HknhMjOgTwstFQhCoVIlRaAWBhPZdseMkxonlMsrQx4IiyFoyUAA2xWQc/it9CAcNDRo9d6WDwL2XZhZp5mzSPOJdnlDxHRdbzplaMv6Ry3koQY3s37OtwUboYZXlhc57WvDDkLqsNoDTTY2m+zvsu3ByzysmlecQ/tJQ8R0X291jK0Fur3eCVnHh2z4nZWsMPbQSEmpAwkTHWgQ243Ag0Q+0zBcald2jJOzZLDE97204te3eKaN2YXG4ZrGpBBF6a67Qv/APKt+m/T/pEvbZOyrLF2eSqy5cl+N3d+Giu4PgETMQ7FuzSTvaGdo+u7GPsMa0ANHpZ6qvwDjb5zCHNae1wcWJLmXTHSV9WbJ6mj+yVuojn8Z7KtkxseOM8oliaWMaBF2YaRICCCyzpI7W+iuRcE/wDFDFvnle5sTomxnIImtcWucQ1rbzEtGtrWQmgQgIUAUIQgEJUiBUIQgoMOg8k8KBnLyUwWWjlSxfF8PE4MlxEUbjs18jGk7bBx13HxV1cF/ad+m4ZQBP0ttX+9HpdGlqI1HbRcQhc7s2yxl9XkD25665buvFQy8YwzX9m7ERNkOzDIwPPk0mzsVh8e9l5MZi8LiJJGRNwri4CPM+R5zMdWchuQdwDY7nqsv2pv+++HZavs5au62kSIHawY+F7ixksbnN95rXtLh5tBsKGTjOGa/snYiESH/hmRgf8Aw3Z2K5TBsZiuLkzl0eJwTDljYAI3xv8Adf2hOaQZZG93K0AmtdzH7Qh39+4HLWbsJKLgSNpd61Vw12kPEoXSdk2aMyZc/Zh7S/JdZst3lsjXZOxvEYYRc0scYPOR7WD4uIWJwaL6yA4wt+n5MUO7zh7azoPsCost669bWB7fcehxnB8VJCXFrJo4yXNLe82aPVt7ijupEDt/7xw3ZiUyw9nykzs7Ov3tq1UmE4jh5WF8csT2DQuY9rmjlRINbrHx0ZHCXto2MARXOxh9qUP9lzv/ACvDV0k269o9M6G7heL4Z7S+KeFzG+85kjHNB/aLTQ3TYOP4R4LmYqBwG7mzRlo8yDQ9U7g0LWRuDGhoM2INNAAszSa0Oq4/+xho+hzAjQ4qQEciMke6uI77tm5c+YZavNYqutqnguM4aYlsOIhkcNxHIx5G+4aTWx+C4z+xp7+wxLbPYsxLmwfqhv2gz9kd3bmSl/soH1nEv/nSfe9MHcTY6Jjgx0jQ8iwy++QN3Bo1rxqkseOidmyyMOUAupwOUG6zVtdH4Lhv7M5HvxfE3TX24xAa7N7wjBkyNHRvTlVLs8Lho24iZ7BT3ti7UgCi4dplJP6+Ui/DIkwG4bjmFkJEeJheW+8GSscR55TpsfgrGBx0UzS6GVkjQ4tLo3teA4btJadxY0Xmfsm3FXxX6GWB/wBOF2Dmydo7PkOwdkzVfNegcEZhg7EjDEf+pcZg33ROY4s4by2yE19ou52kxg1EqRKoBCEKjNZy8lKAoo+XkpgsQ0VZ/EOBYadzXzRB7mG2Fxcch01Zr3ToNR0WilVQyNlChenUkn1J1Kz8RwLDPlbO+LNK33JC5+du/uuu27nQVutNIiqJ4RAZhiOzHbZQztAXB+UbNJB1G2h3Uc3AcM+UTuiBlb7shc/O3fRrrto1Og6rTSIKMPCIGzfSBGO2y5O1Jc5+TfLmcSa8E2fgeHfQfEC0P7QRku7LPebN2V5Lsk7blaCjkjfyeB/lB/FETKhhOCQRWImGNpJcWxvkjZZ1JyMcGgnySvw852xAH/JafxTG4XE/+6H/ANDP/wBKi+7DNLOzqm1VNJbQHIZaoKjgvZzCQtcyKERscbcxjnta7Su80Oo6aaqeOGYbzA/8to/FXIgRub9KQMhwkbIxExgYxoprY/qw0Dk3JWX0VPhnAcNh3OdBEIy82/KXDMddXi6cdTqVpIVFKfhML5O1LKkoNMjHOjkLRqGufGQXN8CrEeGY1pa0UDqaLg4k7kuBzE+N2pggojLwXs7hYS4wxdmXm3mN8jC466uyu7x1Op6qxwrhUGGa5kETY2ucXuDRu8gAuPUkAfBXEBAWlQikBSEIUGczYeSlCiYNApGrLR4SpqVUKhIlQUHY130kQZW5TEZc1nNo5rMuWq+1d2jB8Q7SWaLLldEWZbPvteDT/AZ2yN/yeKhwXBjEcwlc5wjdGx0mZ5Gd5kcXFzrcbqhoABQFIw3ByyRkrZGhzYjE/wCr0k1a5r3973gQf43ddKhnD+MPlAGQMkDw2VjnHutc0uZIwgd9rmiwdNyNC0hRw8ae57owyMvbMYywSHN2TXRNfMBl5CUGvDdWo+EDPDIXHtIWlhc0ZRIwggNe2zdGnDobqsxUI4K4FxEwBdN2pIj71F0bnRAlxpruyaDpdWnQ0sZMWRucG5nAHK26zO+yy+VmhfiqD+MXHhpY2tLcQ6NozEtLRI0uBqtSKojRW8ZhnPLO8A1rszmlmbPoaF2KAJvzA8lRw3A8sbYxJoyczxdzRlvc/s6zasGdwA0oV0ToWMXxMxNkfIGhjZGszDMQ1rg09pIK7oGYDpzJA2in408ROljjY9jRK4vElsdHHEHhzHNBvM45a5Ud6VuTBucB3yHdoJCWigSBlykE+7QF9ddRekX9zN7KeNpaw4jNnLGANBcwMc4Mv3iBd3qdfBIwQ4rjUscXaOiYAZsPGCZHZSycxNEl5dC10hBH7O+qlHFJjDJKyJkgBaYskmk0bsotpIprrJAGoNDXXSbG8KMsMcRkA7N8L82S8xhex7RWbQEsF69dksfDHta4CUDM6MtAj7rGMIdka3NzN2b5nwq9Ifw7iHbU+PKYnRte13eD7JcCxzCO6Rl1B1BsVoryqYThrYpJZGEjtcrnM+wHi8z2jkXWL6lt7kq6oGoS0hAJEqECJUJUGcwaDyCkCazYeSkAWWiITiE1NDmoe4DcgagamtToAlCZiIQ8USR3mu06tcHD5tCoeghNjfqW3qOulg8x/XJNxM4Y0udy+fggJ5msFuNBYWJ9qomuDGtcbvWqCdiJO1128Fh4zhut9NuvwXG3l76do8fXalxT2snkI7E01jiXFp2Iqg7qN10ns57SDEd0tpw7rj9kvG+W/wCdLjcbw4CJ7GjK1womzW+oaOpXO8GnGHnuXQFxcXZczgQRRGoI3onwXWtthytWYl701PCgwzra0nmAfknmK93GugND5an4qslfOGua03bjQoEjrqeSnUMkDXEFwstut9L0KlBVCoSoRCIQlQIhKikCITqSIKEY0CkpJENB5KQNWGjUoanZUtKhoQnUkVDHMBo8xsfvHl4LC9p5iMreVEn4j8LW+quOwIkAPMLN42MarOTrks5DQ5t9D8P6KVnFg4aij1FrTw8MYeWU4cgHULrmADdeail4Ee0a4Hu2C6ugO3quMePPl2m8T8Midpd3tPPffby9VzGJwQMrBlLrcAdNSD7y9BPA2vc99lods0bA7H00+am4HwdkcrjVkAZb5cj6rdKZLna2w2sDGRGwHQhov4KyAkCcuzkUJaSJUC0hCVAiEoCFUCVIi1ABCEIKcWw8gpQFHENB5BStUbAQQnItA0BIQn0ikEdJUqFRn4qEZi4NGY6F9C8u9E71qmRA81ploUXYC/wWZq1FvpTjddpR3XZvirM0IGoTAFEW2EEWE6lVjJG3wU7JL0WtTEiROUWIkygn4X1/JVEgTlm4Tikb25mvY8dWuA+IJsK1Di2u218iD9yIspaTWPB1BtOQIUidSREIhLSFBTi2HkpQmR7DyCkCNlpJSchUIkKgzP7TY5Mv7NZu7XO/1v6pWCqEQikAKApBCVNe8AWUEEr7dXRKAmtcDZCdYCypupND1PIKOdoAuzprty6pYHe852wNAeI1s+OoU2MAyk+FfGgrEJMpoJA4A35rL9ppssDzzy0PN3d/NP4biKeWc9T8m396bxaAyFgsUJA5wJAJa3pe/P4q4yk4dwqNkTIyxpytANtBs8z8bV1uGYNmNHkAE3twOXzb+alZICdDr05/BBEWOabb8+fgfHoVYilDhY/280UsnjOLEAz76geJs0Bpv/JBsoASA6ItQKhNQgqxHQeSlC8Vje7M4An3jzrmpGve06PcPJxH3LPJ24PaELkIeCSRtD24qcg8w4Ea67FyzJvaDFRSOYJs4aSLc1pBr5/NXljMV34d9iGktIG9GvPcfOk5psA9RfxXFYX29o1LD6sP+l35roOHe0uGlIa2TK47Nf3T5A7H0KsWgmkw16SMdYsKvicQ0HLe+p15dPX81MyYFXUw8hQ4gWCOuilDr2Ka9thEUYzWn4hTQtvU8vgmCUt94f118QjGY1rGkkhTDT4Rrrtd+tfcjHOth9PvVXg9ujzk+/qPBv8APdWuIR23L4hVGNwB2bESk/YAA9SST8/kFdhbmxd/4cXzcdfxXn/EuIyt4g5scnZtqMHWmudl0DjyvUXR1A6rvvZ52bM82S8NJutK3Gn73yUtbJiEjttZQq88NajQeG7T1Hh4KyEpF7qhkLrGu40PosDikYmxMMX6pMzvJltaD/mLvgtmyL5nQbc/1vIj5gqlwWHNLNN4iNh/ZYBfxOqI1WJxRlRSikahKkQeGg953mfxTnzaWFFK7vO5an7013muT1u6h9poPozGueQ9oFtyv3Da3qt1F7I8KjxJfJIC5g7oFubbzruKOg+9cY2Ppr4L2H2f4d9HgZHzAt/i52p/L0W47cp/jHX2zpvY3Bu2a5p8Hn/VYVOb2KgZ3w6R1EHIS2nfs6AHXZdO/D94uvpp4hEYBrw1rx1H4la4wzF7frIlhrvPa/XWraQPChy0+SeOLRZxEDT6BDDoSLrS9zodN1cx0jdjd+e3j4rGl4RBLJneHOdoAQ6RtVtVAV5qZELsz8tabEho39QAqTcRM8/VvIbtZoj001PgFNNh2G8zc3O7p3xG6vxtFUGkAaUBy9FpiUTWOcKc7NproB92yyeJ8GbK0jtXs8QGuOpyj3hzsrcc7w0HgVRxcpNCidb06jb5/ckwhvC2sw0TYA9z8poueQXO11Omg8hoNFXxPFSXkCtxlFizV3XU0p+DMD3OLhyBF+Z181FxTBxtc5wY3NRp2UZvQ8tSqjg+P4H66UO3LHH+Egjy2XXexsji4C/+Cx5/eLpQT65Vz/EmFzy475K9XPaPzXQ+yeAeyd0mYFhijjDb1BYZC4urY28fFc/J81KfbqYpr0Oh28D/ADU4UE0XP4/n5hSxnTXfY+YWhT4tPlaTzAodbdoB959FYwGH7ONredWfM6lZsx7SdjOTfrHf6QfSvitkqhSkpBCFmQgQgIRXh8GBdK51bBxBdyHgtrBcKY3WsxvR24FeI52uew3GJIJHZDbcxJaQCDrXmPRdNw/2ggkABcYvAkZPKzsPgucxMPRux0u4TCQCRsjmFrmkHT9GXDawNB6dNV0MnHpG6iEPb+tHJZ9W5Vk+7XdGTkW6trqaFUohFVmMlrr2bbr6WOe2/JWP6Zn/AFDZj9rI+bHDrqEjvafD88wO/ugn5FZUzQ7TERj99n49FzeLkia8tjfmaOe+vRXlaCK0l1uI4zh37yH1Y/8AJYs3E5WyOMUlsvugtBFUNdRfVYolv8ytvgHB34ojQthvvSbF/wCxH1vm7ly1TZlqa1r26bgb5ZImyvAp17DcDY6nY6q/icVQsAg+I0PgSNArPdaA0AAAUANgAKAUTHLpEOEybhuIsfsaPQ/1yOisGVp0ur0/2KqzYGJ5sto9WnKfPRQnhZ+xM4eDgHA/dSqLkcbQboabUeW9eSp8TPvHrQ+Y/mlbC5u8rSfAH7lWxk4rcmr8B8FUc7iWXIa2aR/0gmvi75LovYnDdnFIHe++V0jjzpxof9q5+V1U3m91n7/vK632dcDFnHMkX+7pp4aLMxOkNcBQmxY5c/Cufw+5TAqjxebLG886DB5u3+A1VEHAmlxklI986eW/3ZR6LXpQcOiyRsG2gJ8zqpJnFpB+zs7wvZ3ofvvkpiafSQpxTSpigISgITB87vjdnd+877yp2Qk8qKbHjs8pjbeYvIHdG5NaldxhvYXFfakjHz/0qdu0TVzHD8XiIfccQL23b/CdPgtyP2gtpzRVIObNAT49NPNaw9h3NAz4nmNGs/GwrmH9hsOD33yPrkTQ/FThK84+HD8Vxz5NXPo0AANXV001TuFcDxU36KBwH+JJ9WzzHM+i9OwnB8PD+jhaK2JFu+JVuSQ1ut8f1nn+OY4R7Gxsp2Id2rt8tZYh/l3d6rpHYkNFDkNhypQySqHfkrjEzMg4ou2CjJlcNAQrTBXJTsciKTIZXeHyVhuFrV7/AETZ8YAa6blUsRjdNOXw8/NEXMViY2N03+C5nE4rNry5+JvRo9VU4pxQA5Sd6vrXKvE/zWdJjSY3SV3GaMA1zPOg8/8AcqszJMZjSZSBqW90Ac5HHQD1r4L0bgEIjhZHfugA/vVr+a4D2Q4flqaUEvJLhf2C7fTrWl8l3mElrUcuXUcvULE3iJxqtZzWwFjcS+slhi6kyOHhsL9AVpufbdOenx/lazuH9/FSO5MbkHhWn4OWhtoKVCqKmAfIQe0bRzPrplzHLr5UrSVIoBCRCD56wDAMYK5Sb/57XvrV4Lgm/wDiq6yV/wBS95YUhuyDF6uaPX5/yTyNT5qKc/Weg/FTTHbxN/JVk19qniCf6/rdaTnLMn3Fnb70xUDWHl+Z9VYiiPU/cmByka8DV1AdSgV+Vp72p8VRxOON03Tx/moOI4robCzJZiRqaH3ozKxLN4+ayOK8Syt3v9Xp4uPh96jx2MIG3gGjmVQi4bNMQSxxvpdDwHgEZ1niN0r9ybPe60dxfK9rXYxcIGRgcNALAGzTsPgApOC+znZkOkAH7P8At9/PwXQCJo1JodToFy8nkj4hutP1kx4BzRpf9c1bwuZu7T49VLJxKFmgJcejR+J0+ahdxCc+5hiQdu653zAAHxXOK2t9N7ENLBzgnS6AJIPIj+VqP2Ydfau5l35n8Sucn43M2XspGdmcpJ7rR3aP2gSV1ns9hiyBt7u75HTNsPQV813rEwxM61AgpAlK0hKQkJSEoHITbSKDyvDewsrZu1M0ZGbNVOve/ivRhiR0KqoXq9VXOfJaUj327Ny00TpJrI8L+azpe1LnBtAU3Ke6acDqSLsgg117um4TC2bkR7o0NGn0Logag2elEDkdHrqnOWo+fu0N+qp9ib1KgDJrsm9H6DJV5qZd8w02TdWFGY8QQTmp3ZsodzKJLpx61pe/Mp66nOVvEMeR3CB1J6eA6qm/APO7gfMuKmhbNmFnu027yn7LrrLzzZPDdJIJzmqh3rbq3VmWsp3o3qD4i7AKeupzlTn4VIdA9unM3f8AJVjwCU7yNP8AF/QWxE2W3WdO9l2v3jlqthlrf81DCzEdyz+/eWj3o7oD9ntAPGk9dU5SrcO4EGPzvIcR7um17nX0+C1zfL5kj8Fn9liMvvd7shp3K7XbptzUsTZsws92m3eU/wCJmqudmL0B9cz4KT8w1F7Qnl7U7FrfIEn4n8lUk4aXavfmPIGyPHXlp0CUxz27XTOMvu+4ZHg8uUZYR4t87mlEue26spund1P1mYdb/R67aH1R4aR9J7LLuAEcYoMF/rULrxJ5q59OHQrALMRlPe72RwFZdZBmDXbbOBafAt8VPCJM7sx7vera/s5arb7e/h4rXrqc5QcZ4d28rH2AAA1wO5GYE15i/it8Y4dD8li8OEoB7XU2KIy+6GtGtcycx9elKAsxGmo31rLtcXXwEvy20Aeupyl0P04dCj6cOhWGRMT+qM5N90/V5dAR1zfIpo7fM2wAMzswtvulzCB5huceNeIT11OUt36aOhR9NHQrIwAlDfrTrTel3QzbaVasp6qnOV76aOh+SRUkJ6qnOQhCF0YCEIQCEIQCEIQCEIQCEIQCEIQCEIQCEIQCEIQCEIQCEIQf/9k='),
    (11, 'Fiction, Dystopian', 150000, '1984', '2018-10-16', 9, 'Affordable', 'data:image/jpeg;base64,/9j/4AAQSkZJRgABAQAAAQABAAD/2wCEAAkGBxMTEhUTExMVFhUXGR0YGBcXGBgXGhgYFxcXFx4YGBcYHSggGB0lHR4aIjEiJSkrLi4uGB8zODMtNygtLisBCgoKDg0OGxAQGy0lICUuLS0tLS0tLS0tLS0tLS0tLS0tLS0tLS0tLS0tLS0tLS0tLS0tLS0tLS0tLS0tLS0tLf/AABEIAR8AsAMBEQACEQEDEQH/xAAbAAACAwEBAQAAAAAAAAAAAAAEBQIDBgEAB//EAEwQAAIBAgMEBQYKBwgABgMAAAECEQADBBIhBQYxQRMiUWFxFCMygZGxJDNCUnKSobLB0TRUYoKz0vAVFkNTY5Ph8QdEc6Kj03SDhP/EABsBAAIDAQEBAAAAAAAAAAAAAAECAAMEBQYH/8QAQBEAAgECAgUJBgUCBgMBAQAAAAECAxEhMQQSMlGxBRNBYXGBkdHwFCI0UqHBIyQzQnLS4RUlkrLC8TVigqIG/9oADAMBAAIRAxEAPwBDhMM7sEtrmaJAkCY8SBXIbSzPf1KkKcdabsght2sUeFhvDMn2db7KKmt5k/xDRV+/6PyOJu5izB6Bu30k/mpedhvL4abo7W39H5F6bvYs6GwZ+kmuv0uNDnIbw+10F+/6PyOtuzizr0DT9K3r3elxqc5DeT23R1+/6PyILu3ixr0DfWT+apzsN4fbdH+deD8ibbtYoj4htf2k4/WqKpDeL7bQ+f6PyKBu9iwZ6A6HXrJy0+dU52G8f2yg/wB30fkeubt4qPiG009JOZ+lR52G8C0qh83HyOLu9itfMtxJ9JOenzqnOQ3hek0fmX18iK7v4oEeZOhHyk5afOqc7DeFaTR+bdv8jj7AxOg6E8PnJ2/Soc7DeT2ij83HyPf2HiY+Jb6yc/3qnOw3jLSKN9rj5HLewMTPxLcvlJ/NR52D6RfaaK/dx8jo2DiScvQmRIiU48T8r+opXWprpCtIoWu5fR+QVb3axRyjoJLLn1ZRp9apzsN4Hp1D5urJ+RUd38Ucx8nIA46rpHLVqnP01hcK03R/n4+RYN2cWJ8wZ0+Vb0nl6VHnYPpA9O0f5/o/I4d38VwFk95zJ9nWoc7DeL7bo/TL6PyKm3cxWg6E68Otb/mo89B9PEb27R/m+j8ji7v4kH4kzp8pOZj53aR7ajqw3k9toP8Ad9H5AmJsPaYrcGUgwQYJ4TynlFMmmrovhUjNa0XdDLc9iMSkcIbT9w+yhVfunN5UX5Z93Exi4hmgB2Bnmx5+uuk0ljY8pCOvJRXTgWG3dIaS4KiSSzfbrr3UutDDrLvZqvvXTWrn1f8AfQAtiLg+W/1m/OrNWO4z3Zdaxz8C7+OZvzoOK3EuevXn4537+s351FFbg3KreLcfLePpN+dHVW4Fzt2+/HO/1m/OgorcG7OpiHIjO31m/OpqrcS7I28Q86u31m/Oi4rcS7Gmxdj4rEv5vMEB6112ZbajmSxMHwGtU1alOmvez3dI0VJ5EN4NlYnCtF3OFPo3AzFGHIq8x6uNGlUp1F7vh0gkpLMW3MS0em/1m5eurdVbgaz3nlxDATnbt9Jvzqaq3E1nvOWb75vTf6x7PGhqx3Au9567i36sXH0Hzm/OpqrcRtnbeIuEHzj/AFm9vGo4rcS7O3Me/J34D5TfnUUFuJrMgl64flv9ZtPto6sdxEw1LN0HKC8xxzGI7ZnhVWtC1zX7JX5zm7Y/S2++4rwuNYXbfXY9dflGPTXv1ppRWq8Ogyp4mt3qPwu9Jnr8f3RXNoO9NPqPb6Fho8PXSwrdS2RikKjNAbqzB9E86lXGBm09XoNPq4nz+wFLdclQDOgM/wDFdSTdsDy2jqk53qyaS3K7fkaLFbQQ2wHY5XGjAa6RxHOsdOnJSwWKPR6ZX0eVBOUmlPLARMoP7Q5Hh/1WxHl5JJ2TuVLh2LBVBYsYAAkkngI7aOskrsFjYYTcsLpicRlfnbs22vOs6gXGHVQ+OnfWOWl32FhvbsWKG8subt4BfSfE983MGg9jPIoc/WeSXhJ/YmrH1Yldxuz7VsWUWwyE5mz5sQ7mI1u2tLMcshY91CMa0nrSvfwXg8++3aRuKwRRbw+y+JUqeYTF2yvq6fI3tFNraR6i/tcnuemXjEbMsnMli257b1/po8LVnOrHuMeNK1pEsG33K31dg+6ugp2hvglxgjh2QAhYVVtW2jqsuFBK3QDGlxzw0Apo6LKOKz+r/wDro7kDnF0+u4rwu9yqzIsrZMDKyLdttwknDkjogdTCNAn0TUnoreLz8H49Peu8KqWwO322deaWt2kJ/wAm90YOvHo72QL4QfGgvaI5NvtV/qrk91lV2xs4HqjNGoFzEoB6+gzsfADnRUq7z+kfOyBaJdbxOBuJ0biyIY5DbJw7JPElrvVug9rMDoNOFBxrRd1fvx4ZdxbrQkrO3dg/7lY3ewbnzb3wo+UbmFaT3BXkj30FXrLNLwl5EVKlbFv6HMTufmU+T37TvBPRXFazcYDjkz6P6tO+njpdtuOG9YoWVH5fqrMyRtGSCCCNCDoZGkQa2XM9i20F0zHKvbE/ZzpW30FlOMHK03ZeI2uY1Da0JCRl55uzWsqpy18scz0y0nR/Zr6z1Nnpvu8RPhkHSoFMjOsGI+UONapN6rvuPMzjCM/cd12WN1vJaAxV0TOq8OZ6NTJNcqjdU1f1ie00KpehFrr4sP3IuL5UmsGG0OnyD6qlZe6Z+UMNHd+rifPbgE6611UeQKrwJAHITAPeZoq17jSnKUYxeSvbvxZUjwQBxPLmfVzphDV7hsBimBAW+LT9CtzQG6QMo63MjNE1k0rGn1XV+wshmVb07OdLNtbrHpEy9IkyM15blzrAEg3QVMnmGTsqUJpzerl0d1l4f3JJYYmaRo0/DhWorOOOY4VCHjrUIcJ0qEONUIdI1qEPLxmoQ8o51CHomoQ9cUf1wqIhpthbLvXLMWCOmbM9tJAPmGtCEBgBiXkmfRUj5RrLWqRU7zy6e++fh4l0G7WXqxDfrL5a62+s2VM4TrAXMoDARxA04c5qaI3zScu7s6AVneZmS0k9vP8ArlWsqLlUxBOkzHfwpcL3LNeWpqdF79+QTgh17fAddfvCllsvsFRtN6nAxd2OtqvDQfFpXMo4wR7HQb+zRt18WX7pCcWg/Zb7hpa+wycp/Dvu4nzouRwPOuxY8YWriO0eyhYNzX7FuX7eDtjCvlu4nElAQVBhLRASWHVk68qyVVCVR84rpL75lkbpYF218Ur4WzcvK9x0DlTiujJuM4KC0FU5nRWlyzZfRA46UkINTai7J2yvh19ryI3dYmQxm03uBVIREUki3bXIoZoluZJMDUk8K2RpqOPErbBSAdachANFQBwGKJD01CHCahDoqEPVCHT2UCHieQNQh0CKgQvCbTZAUy23QnMVuIHAaIzLwKtGkg+M0kqaljin1BUrGpwt1VwxbCq6Ozo2exkzByi2ugcMZRek6wIEEOOc1klG9S03dY5+N/Au1movVwvuAdu4i7cwga+4a7ZxL2WOhJBtq3EcYIImnpRjGpaCwcb/AFEk21dmY6XsrXYquWYMzdtyflr94Us9l9jIszeb2J8MvQCdV4a/4ac65VB/hr10nttBw0ePfxYw3KJOKUnXRuIn5Bpa2wVco/Dvu4nze5aBPZ4V2Lnj7DzZew7a2kvX5fpWyWbIbo80MFNy5c1yWwxAntPGqJ1ZOWrDozefct7HUcLsdXj5AGZDdS2RbY2VNq61q/cFyQt11YKQqTIEwR3Vntzzs7XxxxV0updo19XIxu0NoG6+YiAFVFXU5UUQAWOrHiSTxJNboQ1VYqbuD5xTAIleyoQie+oQ4RRIcNQhyoQ9UIdmoQ7NQh6aBDwHfUISLAcKgQnZm0TZctlBBXKwBKmJDAqw1VgyqwPatJUhrqxFKxrLaDGqLlzPcVUZ0sFrVkveFwI0ugHBSrTE9asV3Rdlhji8XZW3O5btYsSbT2VaNs37GZUVsly0zZzbY+iy3NOkttrDR/xpp1Ja2pPPNPf3dDElFZoAwAXpLZieuvf8oVZPZYqzN3vbc+F3iZ4p/DSuXSXuI9noEl7PHv4shug7+UqEJBhuf7B7albYDygo8w79XE+ei6QTXXseKubLbO1GtYe0EgeZwyGBp1rd+66sCCCCSkg8YFYqUFObvvlxSRdLBeBmMVtN7gAaAq+iiKqICeJCoAJPbxrVGCjiityuD5h3UwDSbmbDsYhcXcvBmGHtBwqsVknPPDjoug76prVJR1UukaKRpsXuZgrV3Gkpca3Zw9u+i9I4ILdPmEz1p6MekazqvUajvbtl2DKKuz27W5uDv2MO7pcm+bpBzsMiqzZBAMSABrrJqVdIqRk0uiwYxTRLYW5GDu2MMXD57tq4Swdh10ZQGyzHM6cKlTSJqTt0EUVYp2FuXg7uHwxuC50l/DtdLBmADDoyIUGIGfhBmKNTSJqTt0OwIxTSM5vDsrC2MDg7io/TYiyr5sxKhh0ZYlSY1DEAAVdSnOVSS6ExWkopmg3a3Lwl7D4ZrnSG5ftXLhYMQFKlYgAxoD6+dU1dInGTtkhoxTRLZW5eDu2LE9ILl3CvdLhmgOnRCQCY+WdIipPSJxk9yduJFFNHMVuXhJvFFcKuCW+gzuYusbup11HVGnCotInhffbuJqr6E9obqbPs2Ll027rdHasuQLjgk3HIcCTGoGnZQjXqyklvuHVSFdndnDM2yBleMWrm91m6xVEIjXqcTwq11Z/idWQqisDMbxYJLWKv2rY6iXGVQTJABga8TV9OTlBNiyVmAgxy/r204pZh8c6AqIKk5irqrrm4ZsrAiY58aVwTxDdmlwGMe5g72cyxs3pMcRYuWbijuC9IYHIHSsk4qNWNt6+qa+tixNuPrqMxhGPSW9T6a/eFbJbL7GVm33qtxi73iv8ADTvrlUWubXrpPaaBF+zx7+LDN1IXGIRPBuY+Ye6lrbAnKTfs77uJh9n7OF+6lpWguwWTGk8+/Tlz4V1Zz1IuW48eld2GW99xSyqpIBPSFeOVciW7KnsYWlBI5G4RVOjppX7vu/rwGm74CB0jn9labiEQnfUuCxt//DiyTZ2kuYAGwoJPASLwknkBxrLpO1Dt8iyGTNJhcFftf2mmNxHT/BLZZ0AUi18KBCjKBIAYjxFZ5OL1ObVsfIMb3dxpuaB0Gz8hOTz2WSJyy8T3xE0le+tO/UNHJEt2yRh8IwGZlsXyqyBnOdNATwoVdqS60SOSFOGwOJu4PZwwuIXD3FwpJJAbMhWzICkHnH2VY5QjOeurq/mBJuKszNb4G1/ZuzcxbpPJ16OB1eFnPn/d4Rzq+hfnZ2yv5iS2UbXc9wMPs3/8e777VZa21PtX3LYvBHdg3Iw+EZes64K7lTQZp6A8T4AeupUXvST+ZfcieC7C/Yl4NhsO8fHYWzZ9eS6fxpZq0mtzb4ETwB9v3LfQY1bxbo1TDK+SMwUEE5Z5601O+tFrPEjyYkw8Z93o+Y8eBt2+NXNYVfXSBPCJjN7Lfw7Fd95+f7RrVRwpx7CqWYoNr+p/4q24CoW+6pchpN1rqw1phIGZssmXt3E6O8o7WChXA4noyKy14vaXprFeXePB9As8jNrE9GQCUuhSRqCVeJq3W1oX3r7C2s7Gz3tB8svdUDVeH/pp3VzaOwj2eg39nj38WT3Lu/CkJA1VzwJ+Qe+hXwgLyivy77uJidgnNibQIU6seHNUZhz5EA+qunWwptr1ieOjmR3gY9MToCy27hgRLXLSOxjvYk+upR2LbrrwbJLMXZqtFOSeRNQhtv8Aw2Oa3tC1PXfDgICYkjpQeP0h7ay6TnB9Y8Ok3G1LfS3NoohUl8DaRTOhYnGLxHfpWSGCg38z+xZ0vs8zm5ULh8GGZPM9OlzX0WVnBn+uFSuvel12DB4Is3TuqbWAI18ze+1kNLVXvTXWiReCKd07qnD7PcMsLhGRjI9MmwuXxlTpTVU1KS6/MEckYzfDCs2zNm3AQVtYdc2uo6ToUEDnrWqg0qs1vfmVy2EbHcu8pwuBcOAtuxeDmR1TNuQZ7INZq69+S60WwyRZu2Zt4EhuOCu9nbhaFXOXb5kjkhZsTaEbP2T1vSv27caaZReX8BTzh+JU7PIWL91BO17LX12raQjOXw9sSQASUtcSeHGhBqDg31heNwfZ2z3YbEuBhlsoc+oBGdbaCBzk00ppc4t5EsImE36wjpjbxaIuO7rBnqm4669mqmtlCV6aKprEQkVaKRy1CDDYL5bpfmlq66TydLTsjQeYYAjvAqusrxtvaXc3iNB2ZZtAgYxgsAdKphTpqVJjXhM0sMaXcR7Rq95sQTirxzE9Yag8si6aHlXPpL3Eez5PaejR7+LC9zUZcUkxwfhr8g9lLXxgJyjL8vLu4mM3Zsk4uzBiGJ1EiArFgfFZHrrpV3+GzyEViT3ltjp2jUFbeTlFs2kKAgcwmUHvBqUH7nj43xJLMVZI7BVopE3qNgXK2aeVQly6xs93AOXq+r3UrqRi7NmyjyfpNaGvTjdb7rzIYmxDEFRPZofDhTKV1dGepSnTm4SWO7/otGy3PyB64pHWjvN8OSNMmr6lu1pEX2e8Zskg66QfsoqpHK5U+TdJ1FUULp44Wf0zBwon/inMIQmz3bXL7YHvqt1YrpN9PkvS6kbqGHXZf3PNs1teqD28OIqc7HeF8l6VZtRvbDBooKamRrz019dWXMDTi7PAss4Qvoqgx4fjSymo5l+j6LW0htUldr10ly7MY8FHtXiNDS87FdJojyXpU1eMN6zWawfTvRTewzIYIg8dI/CmjJSxRlr0KlCepUVn63EM9Epuez1LEuNt3WHTEkjKLd0uDzti05dR3lZA7yKqrbPerdt8Bo5lu07BXGsCFkXh6Iyj0gQAOQiKWDvSv1BaxNJvRYVcVdWANV0B/wBND2VhpSbgmev0GP5aK7eLGW59xfKk1nqtw+ge2q62wTlFP2eXdxMLu9iSuKtlVB6xGp0gqwY6diyfVXUrL8N3PIQxkVbx3ib7cly2wmv+GLSBCdB1iuUnvmjRXuePjdgntC8KeVWCnlt1LksW27BYwo8TyHiaWUlHM06NolXSJatNdr6F2j6wsKFHLT/usUnd3PcUKUaNKNOPQL1QeUt3CfXCj8avbtSRxKdNT5WlfoV++0V9w+7cCgseAqhK7sjvVq8aNN1J5LEhhT1F8BTT2mU6E/y1N3eyhc9oeUAd+b7J94q9S/CPP1NHj/iqj0N630vxQ1ZoEnsrMsWeoqTUYuTbslcqwlwMuYTBJ99NNWdmZNBrRq03Ujezk39RbthIcHtHuJFaKDvE87y7TUdIUl+5fdryLtirAY68QPZr+NJXeSNnIEPdnPHoXhj9w/DCRz9JvvGqZZ+B2dDf4b/lP/cxVtkxc/dH41po7J5nl34vuX3ARrVpxzhSpclg/YfxpkdU27oc9ls2nDkd4WSBzIjvqqts9d1bturBje5btK4xxrFtG6YSFMj0hEHwj20KduZVtwXfWNVvY58rvazqv3Frn0MaaPZaAvy8e/iy7dC3mxaCeTd/yTQru0BuUXbR2+ziId1tmnpbdzJeBDMMwEoJRhrCkzBrdpE/dauvueMgsSe9WzkS6SHUwltcrZukhLaKCR0ajgB7DU0epeOW/sz7QyWJnLpA/KtFhGV59KIBlsZlGbMQOHExPGqK6btY9DyFWp01PXkllm7bxsz9lZj0l08ULbA+EOf2f5avl+kvW84mj/8AlKv8f6S7aPxbeH4ikp7SNvKj/KVOxcUTwZ6i+A91Ce0y7QX+Vp9iBHPwgeH4GrF+kcqb/wA3i+r7MMxB6jfRPuqqO0jsaV8PUz2XwZTsn4scefvp620YeRV+TWeb4gm2fSUa8Pxq2hkzl8v/AKsOz7heyVi2OOpJ/CqqzvI6fItPV0VPHFt/b7F+G0B+k33jSzz8OBs0J2ptf+0/97Fm2CDc9Q/GtFHZPNcu/FvsQuK1ccax5WqWJcf7r4QXLhGcdZHXIM2eHQqTAQiIJ9ZFZtInqxy6V2cSyGLL9u4KMRnZLsm4suwhDqOHVB7teYNLSneFrrIjWI33jtDym6FPMcfoLzrJSfuI9hyf8NHv4sa7kD4TbA7G4fQNJXvqsHKX6Eu7iYnYjJ5VbDxBYqdJ1ZWUT2CSNeXGulVvqOx5COZRvF1b7KNMi20YDTrpaRXGv7QajRxhft44AlmK1BPCrhSxUpbhIE9lEDNJYHUXwHuFYZZs+gaN+jD+MeADZPwh/o/y1bL9Jet5yaD/AM1q/wAf6S/aXxTf1zFJS2ka+VfhJ9n3RLCfFr4D3UJ7TL9B+Fp57KBH/SB4fgatX6Ryqj/zaPZ/xYbiPQb6J91Ux2kdjSlfR6n8ZcCrZg82PX76ertmTkWN9EWPS+IHtsdZfA++raGTOV//AEOFWHY+IzwtqEXwFZ5u8meg0Glzej04voS4EdmmUHeSfHrGjU2ijkv3tGUt7k//ANMVbaHnPUPxrRQ2Tz3LvxfcvuBK3bVpyEyRWpclgzY1ubpTm6XETnLvbZV/9xGvKq6rtG+5p9yeIYrGxZtK6vljlIy9KANIGjAadgmhBPmlfcRv3jWbxuPKrnI9WQeE5F4GudSV4L10nseT3+Xj38WE7qXXOIQLp1W4cfQPOhXXuMnKS/Lvu4mM3XuBcXaJIAltTpBNtwPtIrpV1em/XSePg/eJ7w2/PnMesEtKwmTnWzbVgx7QwIPeDQov3O98WGWYEIUVaKCs80RSap21LhNFb9EeA91YZZs9/o7/AAYfxXACw4+EP9H8Fq2X6SOTo/8A5Sp/H+ku2h8W3h+IpKe0jbyr8JPs+6JYb0F8B7qE9pl2gO2jQz2VwAMdcyXg3ZHs1FX01rU7HB5Rrez8oqpnZLwtiNdCo4wRz04jmDWbFM9PHVq01nZrpwwe9Mhh7YCwOAJ99GTuzPodGNOm4QwSlIVYx+keBMaLrpz7OXGtNNasTy/KVf2vS0op2wjjg89zyz6RwxgHuB+wVlWLPX10oUpSvkn9EU7PTza+v3mnq7TMPI0fykO/ixdtdpud8D8avo7JweXfi+5fcAdIq1M4zR5WqWImON3RNwhdWa1eVBzLtZcKB2MTEVTW2cd64oshmS20obGuykEG8Ocz1hMHnQpYUUuoEsZGh3ob4VdjtXx+LWsND9Neuk9noHw0e/iwncu7lxSToIbXkOoaFdXgTlHHR2uziZrdm0PKrXVz6k+iWMqjMCFAPAgH1V0K7fNs8bFYkd5sFcS7na1cAK25JRlGforeaSRoc0+NCjKLVrrp6etkkmI7jzV9hGyy1b4TUuFHr70EBj7D+ivgPdWKWbPf6OvwYfxXBADXguIM89PaBV1r0jguvGlypJyyeHil90MwoOh1B91UZHo5RUlqyV0+gqw3or4CmnmzPoL/AC8OxAGIWcQo7gfYCati7Ujj6RTU+VYJroT8E2M7zQpPYJ+yqIq7segrScaUproTfginZrlrcniSZjxp6qtKyMXJU5VtH5yWbb4g921N9O8Sf3Z/4p4v8NmPS9HT5UpNdKu+6/8AYK2lpbY93v0qunjJHQ5Tko6HUd+jjge2XraX1+80au2ynkj4SHfxYp2v8Z+6Pxq+jsnA5bf5vuX3BwZqw5RW6dlFMDQ12Bhruculu4Yt3MjC2zDP0T5I0ic0QeXGqa0o2s2s1fHoviNBO+RdtUqcY+VcnnQcpGWJKngQI4zw50Kf6S7AvaNVvYVbE3dNQV1//Wtc+i2oI9hoC/LxfbxZdujbXym2CAZDCO/I1Cs3qsPKDfs8rdXEx+wsc6X1RCsEkmVQ8FY8SpNdGtBODbPIU371iG8uIDXJa3DlLbSG5PbRwMoAHPjzqUItRweGPEFSSbyFdu1zq+5WkTJy+PL86Fgg1MKafDjqjwHurBLM+g0P0IfxjwE+KsG5eYCJ0OvgBWmElGCbPL6Xok9J0+pCFr4PHsXbvLL+GuKhOfQcgTQjOEnkNX0LTKFFuVT3V0KT8hjgz5tfoiqJ7TPQaAvy9P8AiuAFdHwkfR/A1Yv0jmVF/m8ez7MPxXoNx4H3VVDaR2NL+HnnsvgyjZHxY48T76ettGHkV/lI9r4nrw8+n0TUX6bGqr/MKX8ZDAqCPtqo6mDzBMOdPW33jTyz8DLouFP/AOp/7mUbYWUHbm/A09B+8c3l5LmIvp1lwYjBg1qPJlwNAYbbAxC22ZhazMtu45OY6hLbMRlII1jjyqitFyVr9K4jRdiO2sUxxRQwFW4sAKgjVT6QUE69vbUpRXNX6usEn7xqN5rnwq6DoZXX9xOPYaw0l7iPYaB8NDv4ss3VxYXEpMxlae09U0teN4MflCN6D7uJjN2hOLtakQxaRHyVZo10gxB7jXTru1JnjIbRZvEvn2bWGW2yg/JVrSMqacQoIUdwE60KGwl28XxJLMXSRrVoCtmmiAstJ9tBkNAnoqO4e6sUs2e+0f8ASh/FcAGwPPue7+WrZfpo5ejL/NKv8f6S/aJ823h+IpKW0jZyt8JPs+6LMF8WunIe6lntMv0Bv2Wnh+1AV0/CR4fgauX6RyqjtyvF/wDr/wAWMsWOo/gaohtI7Olv8vP+MuDB9ijzY9fvqyttGDkX4OPa+ILt8dZPD3GrNHyZy+X/ANWHY+ICjaeFXM4SG+BHUX1+81kqbTPa8k/CQ7+LAtpHzngB+NXUtk4PLfxfcgG8vP21cjjsrVoqAG+wWAu5tYVLjED5QW2xKHuYDKe4mqquzbs459w8SO2rGXF3NZ87JnvIPLhxihTd6S7CSWJpt6D8Ku+K/cWsNLYXrpPYcn/DQ7+LCt17QfEqD81tf3DSVnaBZyhK1Bvs4mO3bkYq0QQCGPESMuVs2nM5ZjvIrpV7c2zxcMz23rk32OmUqhUDknRJkXXiQsAnmQTUo7Hj43xJJ4i4mTVop5V58qhC0tAmgFjyz6K+A91YpZs97o/6MP4rgVYdAb7CYGXifBZ4VZL9NHJotrlOp/H+k7jEzIwHE8PfSwdpK5v06Mq2jTjHN/2ZbhQAia/JHuoTxkx9CcVo9Nf+qFzt8IHh+Bq1L8I5NSov8VjLq/4sbYjVXEiSCONURwaZ3dIWvSlFZtNeKKdj2yEAOhkg6jnPfT1XeV0YeSounoqhPBpvDvA9vDVe4e81bQyZyeXmnWj2fcUpxq9nCQ/wPxa+v31iqbTPa8lfCQ7+LFm1Wi7PcPxrRR2DgcuP833L7lBM1YcoodYpkKxhsB4uydUCXC47bYttmA7GyzB7Yqqts4Z3Vu240cwvaU+VvJDHpeKiARmEEA8NI0pIW5tW3DPM0u9Nr4VdgaysjxRTpWKk/cR6/k7DRo9/Fndz7GbFKOGjfdNLpD9wnKK/Ly7VxM9uwtsXlLhOJGc3QCsqw+LLCZ4TymtukN6tlwPJQSf/AGe3tsWReOS5qFQBQAwgIoB6QXCOAGmvDvo6NKbjit/HdYWaVxABWkQtB5UoSFxpooDHFjH24Ak6AcjxissqUrnrKPLGixhGLbwSWT6EC3cVDlxqOGuk6AGrVC8dVnHq6co6a9Ip4rrwurJMKTads9o9X5VTzMzuQ5b0NrFNd3lc6NpIqdpA7KLpScjPT5X0elQjHOSS6BQcSS+fnM/8eytGqlHVOBLS5y0jn+m9/wC3hgPE2qhBnTQ8p+0VmdGXQempct6M0ta6fZf6oo8vtjmdWngeBo81Ip/xXRYJvFttvLoeWYPjHzk+weqr4R1VY4OmaS9IqubVuhLqF1WGQd4PGoEAMz4VknTk5XR6bQeVNHo0I05t3XU94u2ncBeV4QOOlX0otRszkcp6RTr19enlZIotNyp2YEybLIoBaGe7Fi0bsO/FHVlICjKykN5wuORI5cZ5VTpDnq4LpXq1gwSviE7ZCDESoTW4OsLwZjqNTbDHL2fbS0r6ndu+4XmaDeJYxN0d6/cU1ip7CPX8n/DQ7+LPbnmMWhnk3PllNCvsMnKPw77uJjtg64q1xILEdUSesrLMcwJk9wNdKt+mzyFN2mmc3gtlb7Jr1Aia6SUtosj9kxIPMQedGi7wT33f1BUfveHABPCrBTmaoQjNEBao0pWMiNw8qKAz1kSajIjt0aUEFlSDUeNMxQyIB8DSDAtOANB4e2kCC3FgkUwCVs6UGFHLw+yogMpmmAFWzOtIxhhsqzmu5VmXt3bcjWM9p1zH9kTJ7gaSq7Rvuaf1CliU7UuZsY5ggG7EHQ6MBw5dtSmrUl2AltGu3iPwu6p7Vju6i1z6a9xHsOT/AIaHfxZXuypOJXj6Lcv2DpUrbA3KF+YfauJlN2rgGKtFjAll58XRkHDXiQK6FdN03Y8dB2kS3i/SCs6otu2Y4Zrdq2jQeYzA61KGxffd+LZJ5i1jVwpA1AHUGtQiL6UYoJmmFL8MNDSsKPX+HrqIjKrQ1HjRZAljpShK7OFdh1Uc+Ck+4UXJLNgSYda2feyjzVz6jcvVSOcd46iyvE7NvTPRXNR8xvyoqcd4HFgKmD9lOxS6gMDMIphCdpvtoMKG2wxN3IIBe3ctrPDO9p1UTykkD11TVwjfc0/BjxzI7XynGMU9HpQBx5EAjXXiDxo01akk9wrzNXvb+mXvFf4aVz6P6a9dJ7Pk/wCGh38WR3UQ+UrEcG9mU0K79wHKMbaO+7iZrdC2TjLRiYL8YAno3A6zEKNY4mujX/TaPHRzuEb1YW4t7M2XS3aU+dtMcyWbanqq5J1HHnS6PNONut9D3sMl0mdY1oEOVABNjDMVzACPFRw7iZpHJJ2HUXmQunT7KKAz1nCMSBoAecg8e4GajkkBRY2TZoS2DcPeBIBj6ME1S6jk7ItULLEW7QxOaAIAH7Kj7VUeyrYRsVylc7s+5aDrnVonU5vwyn8ak1K2BE0P8Pj8HrmRu7npHMBBzrM4Veh+vEt1kM8JvLgLWq4ZCYA61teztCVW6FaWcvr/AHBrovtb92AI8jt8eWXh4ZKnsk/mJroLTfPZ7gdJYUcjFoNoRz01pHo1Xof1JrID25u1h8RaW/gyPRnKuRR26qFGWAOBI9VSnpE6ctSoFxUsTIYjBQoYcY6yyCQRMmfwrap42FccBddHOrUVshRAP928LcZmZcvxVxR5y2DL2nVTBcEanjyrPWkksd66HvLIndtLOMckEA3AZ0PGDIIkHXsNSl+kl1EeZod7FIxl2YkFf4aVho7C9dJ7Hk74aHfxZzdXN5SsLJhtJj5JoVramYnKTl7O8N3EzO62LuLibarcdRLHLmYLIRzwBHOt+kRTptternkIPGwRvbj2e9DLbzFLTF8pz9ezbcjMzEwCTAoaPBKODeb4sM3iZ4itIg22DhwxnnIAOuk8xFxPxqitK2HrgyymsT6Pf2daRCQpOUdtwkx//Rqa5SnJy/6/pNDyEWM2xYtqrLYLRxHXgTOseUH+jV8aM5Ss5cP6RXJJZCbF76XTpaVEB4wLgPtF41ojoUf3Nvw8ip1n0CjE4y4567Exwkkxy0kmtEYqOQrk3mA321qxCMYbH2Nev62wNJ4kCYE6A8arqVYwwY0Yt4ml2HuRfuOOlboxodMrk+rMI5flWappkIrDEsjSbAt9N3EwoQoZzcTBHdzc93L102i6Q6t7+voLOOqZzDX8rBliVIIkSJBnUcxWqSurCJjXa+8VzELFy1Y04FEZCPY8e2qqdFQyb8QuVw3dpb+FS3i1k2rjFXTkyrpmjMJPpRpy76p0jUqt03msmNG6xNJvNssZenQtDRIl+fP41R2cBzrLo9R31H6+ha10nzU9ldYzlZoij3djaDW3YoiZltXWzZTmOS0z5SysJEgad1Z68E1jfNcR4hO38VcOLZDcYqLghczFfk6gEwKFKKVNNLoC3iaHe1ScVd5kFf4aGKw0thHsOT8NGh38WR3P/S0+i33WoV/0wcpfoPu4mN3cTNirQM6MW0MGUVnGviBXSrO1NnjorEt3mHwhmiM627hEzBuWkcgT8kTAHIADlUo7Ft114OwZ5imrhRxu8xllHHQjSeHHhbc9nZVFdZP1xRbSPp9sm4ikKwzAHRXHjww9cnCLx+39Re8ipt1hcQZ0RS5kRoYngVNoRppQWk2ng/XiFU9ZWAP7hIry1vq6xl68RzYeTn/mau9tk8E/X+or5tLFmN3j2U1lzNuBwnKQJ5RNtBqPHga30KinHP14srqRs7oz9w6mtBUaPc3bt7DueiiY5iZXXTq22IPf386y6RRjOzfr6otpyeR9J2Ht1LxMsFutyKOoPgzABuXAVy6tFx60aIyBt7tjtirRQNbDoSVnSSRMSQe46DlTaNVVKWtZ2YJrWVj5Ne2XeRirWnBH7LCe8SAYrsqrCSumZXFrMY7C3av4hwCptpxZ3BUBZ1ymILcYHdVVXSIU1fN7ho02z6Pj8HbNgWFEIqhVABJheeiNrz1GutcqE5c5rv1wLbWVhDtnHtaw/QsGMCZKsAFE662Ik1ppQU6msvX1A3ZHzua6hnIuKIBju+2W9n49HbuXAJgFrdp2AaOKkgSOYkc6qrYxtvaXixo5l+0lC4y4ok+dnUydWDHU8dTS08aS7AvM2G9P6Ze5ej/DSudS2F66T2PJ/wANDv4shul+lJ4N9w1K2wwcpNezvu4mP3ctzi7QBI6xJIiYVWYgT2gEeuulWdqTZ4+OZ7eVicQzH5S23A06qvaRggA5KCFHcBzqUNhLt4sk8xXFXChVhsrAjl9tI1fAZOxv929rW/iyVGf0Z6Ia8SINyRpXM0ilK1/PyNMZH0fA4hSqxHogSI5DllJHsNcyUXdlkccAq7BUmAw4RoeP/VCGdw59Jhd99lqVLQDGh9ASoPe6k5Tx07a6OjVHe3rgVSifIb65WIkHmCCpkdvVJA8Jrrxd0ZGrMjZvZWBBEjw9xotXRFgPtmYpbnVcrJ0JIQAg6TJZY9VZqkXHFeuJdGV8zT4DaOPtEhMuKHK2xtEqBzDrcLH1g1knToS2vd68fIdOSyxHdjbVy5lFzAPmHEnoGUdwJuD3VndGMcp8fIZTbwsPLmg4Jp8nsHZpz1HDSs/iWeADiAiIXudHA1LPAjuluHdTR1pO0biM+abz7cGJcpaRFReZ6NCeR4mNdOBrsaPQ5tXln3meUnLBGbrWVnahBhu80Xsx4Jbuuy6Q6raclDPJh1T49tVVsY261xWPcGOZZtdCuNcFixF0anQmSCJjuMUKbvSXYR5mz3q/S7x+j/DSudS2Eey5P+Gh38Wc3TQ+VJx4N3/JNCrsi8pX9nfdxMzuy6C8obojBbQrcN09VvRKqRA5901u0hPVdr/Sx5GOZDetrBunIHDZUiIFvL0a5YDKG4R3RFHR9fVx6+3yJO18BLaGvhWhil6LQIONiY5lYW87SNUhn0PEgBT6+HbVFaCauWwl0H1fdbay3eqwOYxIK3PSjkXnQ+OkVxq9JxeH2NEb5mgvwFiNOOkDn+fdVEcrgkgfa9nzLZZGUEgAsOWuikT9vCrIPENj5ZvDsXjGZl45SLpKmOKgz/xryro0KvrAqnFFW7yA+ZdmIjqnz06fJ0IERw05U1Z/uS4Aiug0OG3RsMcwEMNdVug/WLis0tLklbo7vIdU7jlNkMsDpJAEGTd19fSVndVPo4eQ+qwzyRhAXLHPNmYzOsEmYpNdPMOqwDbG0lsg5iC5jqqjljOmkA9nOrIU3PIDdjKYtcTiTJzW7c9l1ZEzqB6X9a1ri6dPLF9xU02VbVwgw9pUUFYM6dMOqAeOsASaenLXld/YklZHz6uoZToqBHu6/QdL5zN6D5s0G3lyHNoqluE90TNZtI19XDeu0aNrk9vMvlGhsz0g0C3RdGo9MsoB98RUpX1Mb5dViSzNNvOJxl4dpX29GlYKX6a9dJ7HQPhoPt4sL3QMYpD3NHjkNLXdoMHKPw77uJgd3GPldogZjmMiQNCrBjJ00Uk+qupX/TZ4+GZzePTEMOSrbVTM5lW0iq4PYygN66NHYv28WSWYNaECnYCxRQIChzMjjM01sAGr2PtAArcQKDEMIt+sfE/9TWKpB5P7+ZojLcfV9kbVt3EUs0EgAEngeJVjlUceGlcqrRa91FynbMZYxxDCNYj2kH+vXVSyZFbWMbtKxkc5QoXj6CacP9I6eutVN60cfv5kkknn9BY2zrNxusluTrIVFPI8RZ141dryisG/H+4tlv8AoGYfClRGYMB2qhMePQ1W5J9H1fmGzDjiboOrkDs0Gkaa9DVWrHd68Q4lN247aOwYdhC//VpTLVWS9eIMQYYNFJKpbHOQlvNw+d0Mk0zm2sW/F+ZALEYlLay+WfkrCSfHzPCrIwcnh9/MS5kN4MaGBJy5n0EBNFHZFsR7RxrfRhbu9byucsDPA1qKTpFQgz3dthr2U6K1u6rNMZEa04ZzPJRLRziKqrO0breuKwGWZLbLE464SuU9NwkGBmAGo04QdO2hTVqStuA8zY72fpl7xX+Glc+lsI9nyd8LDv4su3UecWnYFcePUMn+uyq6+wDlBflpd3Ewm7zRirWjGWKwok9dWTT2z6q6ldfhs8dHMltpQcQV1hFtrJEZujtIuYT8lokdoIqUdi/bxA8zhtL0eczmJIAHARHH21NZ61jRzcFR123dtpbsN5RdML9lOjOBinAG7JvZbg4wTBifboRMa6TzqupHWQ0XZm42djyjZg0qeIDDUdoPT8axTgpYNevA03RuMFte2yTmDA96BgYPEteJ07K586Ul6/sNFlC4xWMdKsngsKY04c59tLqNK7QW7vMicOvWm4Z7iwA1HIadtG73AvhmDti7aaJcRie2GjxzsPsptRvNevAl+sHvOxJPSLw4SAPV5/QUySWFvX+kjv6/7B8ViwgOe8o7IIJ9Q6c00Y62S9eBHddIjxu8Fw6WyB+0TqR4dMQK0RoRzfr6COTM3jdo5eZZ+fWY/WYXTrWuFO/Z2f2KpSsJbt1mMsZPaa0JJYIqbbICiQL6NTbzAmQYIMRqJ0qu71rGl0oOhzkW7p2d+tXwDN3xN3Jwz27tuYJC9JadMzRwUTJPIAnlQq7N9zT8GUI7tl82OuGCPPRDCCIYLqPVQpq1JLqA8zX72j4Ze8V/hpXPpbCPZ8nfDQ7/APczu6BHlaeDfcNJW2Ccp/DS7uJ89w99rbh1MMpkeI7e7ke0E113FSVmeLvY1G8mFTKlxeZAUHlZuW1vWl8FzXEHcq9lZNHk8n6adm+/Bls0hVhSsFWIynlrM9qwPfV0073jmaNHlBxcar93vvferJ998AbH2YAKsGUcSORPzhy099NCfQ8GJV0ZqOvB60d6zXaujtyAVq0yhOBQ5p7j+VBhHOzcaydUt1Tzk6a+6KpnC+KHjK2A7bE3FKtaYiQTI6Qggxy6ODz5VnlGLwf28y276Dv9v3QTIHhFxfX8Waq5iNsPt5k12TtbxPrKA6dtz/6qjoR38PMimz13eK58m2o8elMeoWxUWjx6Xw8w67Bb+2MQ2hfKOxBcX7ejn7aZUqa6OHmDWYA7udSxJ7T0vvNurbL1bzFuLMdtQjqo0nmwLR6uBBq2FLpYkp7hSzE6kyeZOv21eVnKJAi1h5ALMFU+snwA99JKdnZK7NVLRk0p1JKMfq+xffIliWGgQjL2azPaZHGhBPOWY2lShZRpNaq7b33u6WP0NHuraVbb3WE+mzDttYZFuFPB7j2lPaFI51RXbclFdXi3b6K5nisBFauM99XcyzXVZj2kuCa0NJRaW4TpNxvUPhl7xX+GlcynsI9lyd8LDv4s5ucw8qT6L/dNLW2A8pv8vLtXE+eImZo76654s3u1cMt3D4c51XNZsBZkybHS2XVVUEswLW4UamsEJOM5YdL+tmu7BlzSaQj2vsVrGrNIkKZVrbKSMwDI4mCAYIkdUiZEVop1VPLzElGwntYvLBCqZnNI1OvCeyIp5Q1s2aqGlKglqxTzvdY55X3Wt1byN9ABnX0W5c1PNTTQbylmV6RTgrVKey/FPpT7Ojei7BnQ9p/D/uizOWBtYoEK1v5HBgEcSCBrqeZBio46yCnYI/tC2TqAvdlVvtyVU6ckPrIvw9220wy/Vtj3ilaa6OIU1vLDk4yv1bf5UuO7iS63glzHWhwIY9mRRPry06hJ/wDYrkkLMVii+kKF7IX3hRV0YJCOVykU4p6oEuw6r6TeiOXzj2Ukm8kadHhDGpU2V0b3u8+olexWeSVUHSIGvhPZFCMNXJjV9KVdNyik8LWWPjut/YP2PsO5fGYGASQoCPcZsoBYhUGiiR1jAkwJOlLUrRg7eRmjG5oMHaW1gcR11fLaZcyzGbE3UCrqAQ2W1JUiRIms8m5VY4dPBPzGWTMzgB5239NfvCtctliI3m9gjGXwOIK/w0rl09hHs+Tvhod/Fg+5p+FJ4N900K+wxeUX+XfdxMLhREn1fnXWZ45DzZW2RbXorls3LWbOsMUe2/z7bj0T2jnAqipS1neLs/G/aPGVlZmlsL5YgzC3bsuUwti3da6z3Hth2+MtkFTDN1jprEduaX4Kdrt5tq3T1Ma+tg8jGbc2T0JVlV+huKGRmEgEyGt5wMrMpDDTiIPOtlKprpp5r1crasAq8KRyOvrHP2SKsaxuNGdoODyfFf2ugqyIQeE+3WgIeU91QgHiGJY6acPspkAHZaJDiUCI6ahCJogPVCHhUIdqEJO2gHIe88fy9VBLG5ZKd4qPQuLz+y7hjsTZZuksyt0axrqoZ2ZUW30kEKSWBJ1IAOlVVaqhgs/tnewIxuabFX/JUaBbu4c5sLcWy1209u4rG96dwsZknXgYrLBc68cJbSvZprLoLH7vZkItqbZ6VVtW06KyrFsuYuz3G43Lrn02P2a1pp0tV3k7v1ghJSvkDYDS4n01+8KeWywI3e96Hyy6WAmV1HZ0acf651zKewrHsOTvh436+LBN0T8KTwaPHKalbYE5T+Gl3cTG5Y07K6h5E5UIPcJdW7hVs+VWsPdtXjcQ3HNsFblvKQHA0Mx7TWeV41NbVbTWNsekdWazGFxbHR2sKnRtduB0uLg819QoWbbmWAe6HAJOkKW4DjUtfWdR4JZa2Hb3WDZZcBDtzYTYcTmYjNkYXE6N0YjMJUMwKlZIZWIMEcq00qynxwd166hHGxQU7/8AocPsqwBAMKhAC4QST3nT10wCo0SE7C8aDIi0mgEquGiArBokOg1CEstAg32NsE3wDL9YkItu30jvlAzNBZQqrmUZieJAqmrWUP7uy+48Y3HRFl7V3Dk2rd20yogxZaxlti2JZADCXOkzOZmQeYis/vqSni08fdxxv09VsBsGrcRbth0t4VLAxFu+7X2vXHtsXE9GqKCxGvMzV1NN1HLVsrWXQK37triTDjWK0MVDDA/GW9Plr94Uk9lkN5vZHld7WZKj/wCNa5dPZR7HQX+Xh38WB7mD4Wh7A0eJU/8ANNV2ROVPhn2riY23ZZicomui5KOZ5anRnVdoK4Zc2Y+VCFJOuYdnZ9lVKtFyd2bavJ9RU4OMccb/AGEl6cxnjNaVkc6UXFuMsx9uJiFXElGbJ01p7KvwyO4GUzy1EeJFZ9Ki3C6xs07BhmGbVwOKK2rDIXuWwOk4Fx0QdEAX0mSGZg4nMXI0yxSU507uSeDy+/f1BadrC5tnXwOtYvAD/TcD3VdzkN68RbMGkCe0cR2R404AC3bLeiC30QT7qZu2YLFbiDDCG7Dp9horHEg52bsbNbLswWTCjtMTroTzB4cDqRVE6tnZDxg2rndobKyLnRsyjj2g8xwHDnIHdIkiQq3dmRxazFDLm0UEnsGp9gq3LMUquIV9IFfER7JorHIFjwEkAak8ANSfAc6JA9NlXzwsXiP/AE3/ACqt1YLOS8UNqs0Wx9n4prT4dQUuN1UE9bJcZC+cAyigoGzHnKgHNpmqTpqSnmvLLtzy7x0nawv38xaXMa5Q5lVUt5/nsiwW79ZHqq3RouNPHpxEm8RFatljAEnsq9tLFhp05VJasFdhowLi3mC9YN644VTzsda18Dof4dV5jW1fev8AQIwqlbtqebofawNM3eLsYJQlB2krM2++DTjLpjmv8NK5lLYR67QPh49/FlO54jEoO5p8cho1dkq5T+Hl3cTE2D1xrGvHhHfXSlsnl6N1UVnbHPcNMdtNWt3FUkEiFPCe0d2k1nhRakmztV+UIVYThBtO2D3+VzMxW04BwioQ02y97cSqZLht30AAC30FyPA6HlzJrNPRqd9ZYPqwHU3kHWt61H/ksOPoG5b+61I9Hb/e/ow6/UGYreHC3bWd+ltusjo8qYgmR6Vq5fB6Ps19nOkVGpF2Vn15eKQXJWAW3zsgZRhbjD/UxNz7q9UeoU3ssnnJdyQNcne3qwdy2ytZxFowcsXemScpgFLswOUgTSrRqsZXUk+6z+nmF1ItZB+xcouC5IVFAeSFZTLiV608QxIiD1u8Qk3g016sWwTatF4vo3gm1rIXpczB1ZBczQoDFgxIGQCQPODX5wPOmg8rdnr6Anli8d271iV4jefCIAEs37sc3u9Ep05JahR7BUWjVJO7aXdf6sRzigZN77BENhrij/TxDn/2vKn1im9lmv3J9qX2F5xbvqX295MJZTNbFy67H4uFwwXT0rrWAOkYzGmmnAayOYqTdpWXXn4XyDrxSBDvWrD9Cwx73z3PvNTrRmv3v6Imv1FWM3rxDobQKWrZ4pZUWwZ5E8ftp46PCL1ni+vEDm2ILo4H1VeitkLR6wohV74Dfy0KejDnvflMR7+dZeab963cd+Onwj+Cp9G1128+nIo2UZe32h1n6wq+eT7Dg43xN7vZ+l3vFf4aVy6eyj2HJ/w0O/iyndT9KTwb7poz2SrlP4aXdxEDbpY39Wf2p/NW72invPKuLWZRiN0sfIHkz6ftW+f739TRWkUvm4k1JZ2If3Mx/wCqv9a3/PU9qo/Nx8iakj39zNofqr/Wt/z1PaqPzcfImpIIw+52OC/oz6n5yeHzu6g9JpfMTUkT/uhjv1Z/an81D2ml83EmpIrv7oY7L+jPqQPSTx+d3UVpNL5uJNSQL/c3H/qr/Wt/z0faqPzcfInNyO/3Mx/6q/1rf89T2qj83HyJzchvsrYG0EWGwjMJgBjbMADhqSI15iqp1qMsVLiMoyRzaG7+Pf8A8qVXsBt6xwmGA49gFGFaiv3cSOMmK8RupjI/Rm4j5Sd/7VWLSKXzE5qb6OAP/dLG/qz/AFk/mo+00vm4+QOZnu4HRuljf1Z/rJ/NU9ppfNx8iczPdwCLO6eNj9Gbj85Of71B6RS+biHmp7i07q4z9Wb6yfzUPaKXzB5me4jf3UxuU/Bm7fSt8v3qPtFLfxF5qW4G/uhjv1Z/rW/5qPtNL5uPkDmpbiQ3Ox/6s/1rf89T2ml83EnNy3BezN1Mct1Jw7AZh8q3yIPzuyllpFJq2txCqcjTb2H4Xd8V/hpWCnso9dyf8NDv4sSWrjKZVmU9qkg+0VYaJRUlZq/biErjrpOt67/uP/NQstwHRpZ6kf8ASvIobal4knpruuvxj+rnTaq3E5qla2ovBeRYu0b0fHXv9x/zoasdy8B1QpfJHwXke/tG9/n3hM/4j8vXU1Y7l4B9npfIvBeRbfxt4QvTXswgfGPHj6VBJbinmqfyR8F5EfLr+Yjpr3HTzr8PbUtHd9CKlTvsR8F5HL+OvCPPXdZ/xH5afO76mrHcvAsVCk3sR8F5FI2jf/zrv+6/50dWO5eBFQp/JHwXkd/tK9/nXv8Acf8AOpqR3LwDzFLLUXgvIutY+9l+OvcT/iP3d9DViuheAro0r7EfBeR65jb0fHXeP+Y/51LLcgczS+SP+leRS2OvZT527y/xH7fGjZbvoT2en8kfBeRX/aF7/Ou8/wDEf86mrHcN7PT+SPgjw2he/wA67y/xH/OpqR3E9npfJHwXkSs4+7qOlu/7j9p76jitwHo9L5I+C8izy67/AJt3/cf86lluQOYpfJH/AEryJpjbuk3bvMfGPzEdtCy3EdCnbYj4LyBxj73O9d5f4j8vXTaq3DLR6XyR8F5HRtC9/nXf9x/zoasdxPZ6VtiPgiXl97j012QZHnH/ADqasdxPZ6XyR8F5ErjljJJJMGSZPrJ1oZBjFRVkrH//2Q==');


INSERT INTO users VALUES
	(1, 'jamesclear@gmail.com', 1212121212, 'James Clear', 123),
	(2, 'Yannmartel@gmail.com', 1313131313, 'Yann Martel', 123),
	(3, 'nguyennhatanh@gmail.com', 1414141414, 'Nguyễn Nhật Ánh', 123),
	(4, 'miller@gmail.com', 1515151515, 'Madeline Miller', 123),
	(5, 'keigo@gmail.com', 1616161616, 'Higashino Keigo', 123),
	(6, 'vasconcelos@gmail.com', 1717171717, 'José Mauro de Vasconcelos', 123),
	(7, 'coelho@gmail.com', 1818181818, 'Paulo Coelho', 123),
	(8, 'lee@gmail.com', 1919191919, 'Harper Lee', 123),
	(9, 'austen@gmail.com', 1000000000, 'Jane Austen', 123),
	(10, 'orwell@gmail.com', 2323232323, 'Geogre Orwell', 123);

INSERT INTO author VALUES
	(1, 0),
	(2, 0),
	(3, 0),
	(4, 0),
	(5, 0),
	(6, 0),
	(7, 0),
	(8, 0),
	(9, 0),
	(10, 0);
	
INSERT INTO writes VALUES
	(1, 1),
	(2, 2),
	(3, 3),
	(4, 3),
	(5, 4),
	(6, 5),
	(7, 6),
	(8, 7),
	(9, 8),
	(10, 9),
	(11, 10);
